time	V(pb_3v3)	V(reset_logic)	V(stm32_3v3)	I(R16)
0.000000000000000e+00	3.300000e+00	1.649999e-06	3.262016e+00	2.646447e-01
9.999999717180685e-10	3.300000e+00	1.649999e-06	3.262016e+00	2.646447e-01
1.999999943436137e-09	3.300000e+00	1.649999e-06	3.262016e+00	2.646447e-01
3.999999886872274e-09	3.300000e+00	1.649999e-06	3.262016e+00	2.646447e-01
7.999999773744548e-09	3.300000e+00	1.649999e-06	3.262016e+00	2.646447e-01
1.599999954748910e-08	3.300000e+00	1.649999e-06	3.262016e+00	2.646447e-01
3.199999909497819e-08	3.300001e+00	1.649999e-06	3.262016e+00	2.646448e-01
6.399999818995639e-08	3.300001e+00	1.650000e-06	3.262017e+00	2.646449e-01
1.279999963799128e-07	3.300002e+00	1.650000e-06	3.262018e+00	2.646451e-01
2.559999927598255e-07	3.300005e+00	1.650002e-06	3.262020e+00	2.646455e-01
7.511771216124026e-05	3.301416e+00	1.650707e-06	3.263396e+00	2.648921e-01
1.499794243297207e-04	3.302827e+00	1.651413e-06	3.264772e+00	2.651395e-01
2.248411364982011e-04	3.304238e+00	1.652118e-06	3.266148e+00	2.653876e-01
2.997028486666816e-04	3.305649e+00	1.652824e-06	3.267523e+00	2.656364e-01
3.745645608351620e-04	3.307060e+00	1.653529e-06	3.268899e+00	2.658861e-01
4.494262730036424e-04	3.308471e+00	1.654235e-06	3.270274e+00	2.661364e-01
5.242879851721227e-04	3.309882e+00	1.654940e-06	3.271649e+00	2.663876e-01
1.048575970344245e-03	3.319762e+00	1.659880e-06	3.281272e+00	2.681659e-01
2.025138470344245e-03	3.338147e+00	1.669073e-06	3.299169e+00	2.715471e-01
3.001700970344245e-03	3.356497e+00	1.678248e-06	3.317021e+00	2.750118e-01
3.978263470344245e-03	3.374794e+00	1.687396e-06	3.334806e+00	2.785666e-01
4.954825970344245e-03	3.393020e+00	1.696509e-06	3.352510e+00	2.822062e-01
5.931388470344245e-03	3.411158e+00	1.705578e-06	3.370114e+00	2.859250e-01
6.907950970344245e-03	3.429192e+00	1.714595e-06	3.387604e+00	2.897170e-01
7.884513470344245e-03	3.447104e+00	1.723551e-06	3.404963e+00	2.935759e-01
8.861075970344245e-03	3.464878e+00	1.732438e-06	3.422175e+00	2.974953e-01
9.837638470344245e-03	3.482497e+00	1.741248e-06	3.439224e+00	3.014683e-01
1.179076347034425e-02	3.517203e+00	1.758601e-06	3.472772e+00	3.095464e-01
1.374388847034425e-02	3.551091e+00	1.775545e-06	3.505486e+00	3.177505e-01
1.666570815723389e-02	3.599984e+00	1.799991e-06	3.552680e+00	3.301234e-01
1.666666183155030e-02	3.600000e+00	1.799999e-06	3.496323e+00	3.301274e-01
1.666668860949345e-02	3.600000e+00	1.799999e-06	3.448208e+00	3.301275e-01
1.666674216537976e-02	3.600001e+00	1.800000e-06	3.277294e+00	3.301277e-01
1.666684927715236e-02	3.600003e+00	1.800001e-06	2.983151e+00	3.301282e-01
1.666706350069758e-02	3.600007e+00	1.800002e-06	2.479082e+00	3.301291e-01
1.666741435336156e-02	3.600012e+00	1.800005e-06	1.833536e+00	3.301306e-01
1.666791670395150e-02	3.600020e+00	1.800009e-06	1.175877e+00	3.301327e-01
1.666843776171399e-02	3.600029e+00	1.800014e-06	7.298542e-01	3.301349e-01
1.666899500198987e-02	3.600038e+00	1.800018e-06	4.351063e-01	3.301373e-01
1.666949783445134e-02	3.600046e+00	1.800022e-06	2.717138e-01	3.301394e-01
1.667002237712884e-02	3.600055e+00	1.800026e-06	1.673496e-01	3.301416e-01
1.667052728930736e-02	3.600063e+00	1.800031e-06	1.048155e-01	3.301438e-01
1.667105489530929e-02	3.600072e+00	1.800035e-06	6.439485e-02	3.301460e-01
1.667156590946295e-02	3.600080e+00	1.800039e-06	4.008179e-02	3.301482e-01
1.667208995588799e-02	3.600089e+00	1.800043e-06	2.468752e-02	3.301504e-01
1.667260204277438e-02	3.600097e+00	1.800048e-06	1.535824e-02	3.301525e-01
1.667312407491109e-02	3.600106e+00	1.800052e-06	9.478861e-03	3.301548e-01
1.667363804277476e-02	3.600114e+00	1.800056e-06	5.889696e-03	3.301570e-01
1.667415898574730e-02	3.600122e+00	1.800060e-06	3.639894e-03	3.301592e-01
1.667467418718624e-02	3.600131e+00	1.800064e-06	2.261150e-03	3.301613e-01
1.667519441037405e-02	3.600139e+00	1.800069e-06	1.400074e-03	3.301635e-01
1.667571080362332e-02	3.600148e+00	1.800073e-06	8.707294e-04	3.301657e-01
1.667623107249414e-02	3.600156e+00	1.800077e-06	5.409530e-04	3.301679e-01
1.667674913452981e-02	3.600165e+00	1.800081e-06	3.377937e-04	3.301701e-01
1.667727074815690e-02	3.600173e+00	1.800086e-06	2.114566e-04	3.301723e-01
1.667779209913288e-02	3.600182e+00	1.800090e-06	1.335121e-04	3.301745e-01
1.667831807953458e-02	3.600190e+00	1.800094e-06	8.510525e-05	3.301768e-01
1.667884721917631e-02	3.600199e+00	1.800099e-06	5.521426e-05	3.301790e-01
1.667938503421647e-02	3.600208e+00	1.800103e-06	3.667527e-05	3.301813e-01
1.667993353907430e-02	3.600217e+00	1.800107e-06	2.523210e-05	3.301836e-01
1.668050157101584e-02	3.600226e+00	1.800112e-06	1.815846e-05	3.301860e-01
1.668109770319099e-02	3.600235e+00	1.800117e-06	1.381794e-05	3.301885e-01
1.668173918034006e-02	3.600246e+00	1.800122e-06	1.117384e-05	3.301913e-01
1.668244756811522e-02	3.600258e+00	1.800128e-06	9.598427e-06	3.301942e-01
1.668325856116032e-02	3.600271e+00	1.800135e-06	8.693035e-06	3.301977e-01
1.668422236156213e-02	3.600286e+00	1.800142e-06	8.207337e-06	3.302018e-01
1.668542311717671e-02	3.600306e+00	1.800152e-06	7.974360e-06	3.302068e-01
1.668700191221502e-02	3.600332e+00	1.800165e-06	7.881781e-06	3.302135e-01
1.668923939007737e-02	3.600368e+00	1.800183e-06	7.854986e-06	3.302230e-01
1.669276824043784e-02	3.600426e+00	1.800212e-06	7.850771e-06	3.302380e-01
1.669943988384158e-02	3.600535e+00	1.800267e-06	7.850604e-06	3.302662e-01
1.671278317064904e-02	3.600753e+00	1.800375e-06	7.850205e-06	3.303227e-01
1.673946974426397e-02	3.601188e+00	1.800593e-06	7.849419e-06	3.304357e-01
1.679284289149383e-02	3.602057e+00	1.801028e-06	7.847843e-06	3.306617e-01
1.689958918595354e-02	3.603794e+00	1.801896e-06	7.844694e-06	3.311135e-01
1.711308177487297e-02	3.607258e+00	1.803628e-06	7.838396e-06	3.320166e-01
1.754006695271183e-02	3.614143e+00	1.807070e-06	7.825821e-06	3.338198e-01
2.034716230838954e-02	3.657944e+00	1.828971e-06	7.744148e-06	3.455621e-01
2.285832302267526e-02	3.695247e+00	1.847623e-06	7.671488e-06	3.561202e-01
2.536948373696097e-02	3.729611e+00	1.864804e-06	7.605665e-06	3.659061e-01
2.788064445124669e-02	3.761036e+00	1.880517e-06	7.546679e-06	3.749198e-01
3.039180516553240e-02	3.789522e+00	1.894760e-06	7.494530e-06	3.831614e-01
3.290296587981811e-02	3.815069e+00	1.907533e-06	7.449217e-06	3.906309e-01
3.541412659410383e-02	3.837677e+00	1.918837e-06	7.410742e-06	3.973282e-01
3.792528730838954e-02	3.857346e+00	1.928672e-06	7.379104e-06	4.032533e-01
3.973890337981811e-02	3.869150e+00	1.934574e-06	7.363210e-06	4.066155e-01
4.155251945124668e-02	3.879046e+00	1.939522e-06	7.352326e-06	4.092988e-01
4.336613552267525e-02	3.887032e+00	1.943515e-06	7.346453e-06	4.113030e-01
4.517975159410383e-02	3.893109e+00	1.946554e-06	7.345589e-06	4.126283e-01
4.699336766553240e-02	3.897277e+00	1.948638e-06	7.349736e-06	4.132746e-01
4.880698373696097e-02	3.899536e+00	1.949767e-06	7.358893e-06	4.132419e-01
5.062059980838954e-02	3.899886e+00	1.949942e-06	7.373061e-06	4.125302e-01
5.215519802267525e-02	3.898597e+00	1.949298e-06	7.389217e-06	4.113348e-01
5.368979623696097e-02	3.895943e+00	1.947970e-06	7.408751e-06	4.096909e-01
5.522439445124668e-02	3.891922e+00	1.945960e-06	7.431662e-06	4.075984e-01
5.675899266553240e-02	3.886534e+00	1.943266e-06	7.457952e-06	4.050574e-01
5.829359087981811e-02	3.879781e+00	1.939889e-06	7.487619e-06	4.020679e-01
5.982818909410383e-02	3.871661e+00	1.935830e-06	7.520664e-06	3.986299e-01
6.136278730838954e-02	3.862175e+00	1.931087e-06	7.557087e-06	3.947434e-01
6.345542123696096e-02	3.846963e+00	1.923480e-06	7.612952e-06	3.887004e-01
6.554805516553240e-02	3.829602e+00	1.914800e-06	7.672310e-06	3.822210e-01
6.764068909410383e-02	3.810092e+00	1.905045e-06	7.735160e-06	3.753054e-01
6.973332302267525e-02	3.788435e+00	1.894217e-06	7.801502e-06	3.679534e-01
7.182595695124669e-02	3.764629e+00	1.882314e-06	7.871336e-06	3.601651e-01
7.391859087981811e-02	3.738676e+00	1.869337e-06	7.944663e-06	3.519405e-01
7.601122480838954e-02	3.710574e+00	1.855286e-06	8.021481e-06	3.432796e-01
7.684827837981811e-02	3.698906e+00	1.849452e-06	8.051771e-06	3.398412e-01
7.768533195124668e-02	3.686984e+00	1.843491e-06	8.081812e-06	3.363996e-01
7.852238552267525e-02	3.674807e+00	1.837403e-06	8.111604e-06	3.329548e-01
7.935943909410383e-02	3.662376e+00	1.831187e-06	8.141148e-06	3.295068e-01
8.019649266553240e-02	3.649690e+00	1.824844e-06	8.170442e-06	3.260555e-01
8.103354623696096e-02	3.636749e+00	1.818373e-06	8.199487e-06	3.226010e-01
8.187059980838954e-02	3.623553e+00	1.811776e-06	8.228284e-06	3.191433e-01
8.284716230838954e-02	3.607901e+00	1.803950e-06	8.261094e-06	3.151379e-01
8.296923262088954e-02	3.605924e+00	1.802961e-06	8.265131e-06	3.146390e-01
8.321337324588954e-02	3.601956e+00	1.800977e-06	8.273121e-06	3.136437e-01
8.333332174653478e-02	3.600000e+00	1.799999e-06	8.277028e-06	3.131554e-01
8.333333315295639e-02	3.600000e+00	1.799999e-06	5.919946e-01	3.131553e-01
8.333333903057148e-02	3.600000e+00	1.799999e-06	1.442958e+00	3.131553e-01
8.333334473969886e-02	3.600000e+00	1.799999e-06	2.139136e+00	3.131553e-01
8.333334856199584e-02	3.600000e+00	1.799999e-06	2.339872e+00	3.131553e-01
8.333335300744796e-02	3.600000e+00	1.799999e-06	2.525676e+00	3.131552e-01
8.333336189835219e-02	3.599999e+00	1.799999e-06	2.804552e+00	3.131552e-01
8.333337618023630e-02	3.599999e+00	1.799999e-06	3.107214e+00	3.131551e-01
8.333339251348802e-02	3.599999e+00	1.799999e-06	3.309528e+00	3.131551e-01
8.333341366983180e-02	3.599999e+00	1.799998e-06	3.440401e+00	3.131550e-01
8.333343957447122e-02	3.599998e+00	1.799998e-06	3.509500e+00	3.131549e-01
8.333347652715792e-02	3.599998e+00	1.799998e-06	3.542479e+00	3.131548e-01
8.333352629075182e-02	3.599997e+00	1.799998e-06	3.553092e+00	3.131545e-01
8.333360564421434e-02	3.599996e+00	1.799997e-06	3.555036e+00	3.131542e-01
8.333374082747891e-02	3.599993e+00	1.799996e-06	3.555099e+00	3.131537e-01
8.333401119400806e-02	3.599989e+00	1.799994e-06	3.555085e+00	3.131526e-01
8.333455192706636e-02	3.599980e+00	1.799989e-06	3.555079e+00	3.131504e-01
8.333563339318295e-02	3.599962e+00	1.799980e-06	3.555061e+00	3.131460e-01
8.333779632541614e-02	3.599927e+00	1.799963e-06	3.555027e+00	3.131372e-01
8.334212218988253e-02	3.599857e+00	1.799927e-06	3.554959e+00	3.131196e-01
8.335077391881529e-02	3.599715e+00	1.799857e-06	3.554823e+00	3.130844e-01
8.336807737668082e-02	3.599433e+00	1.799715e-06	3.554550e+00	3.130140e-01
8.340268429241189e-02	3.598867e+00	1.799433e-06	3.554004e+00	3.128733e-01
8.347189812387402e-02	3.597735e+00	1.798867e-06	3.552912e+00	3.125920e-01
8.361032578679829e-02	3.595467e+00	1.797733e-06	3.550722e+00	3.120301e-01
8.388718111264683e-02	3.590914e+00	1.795456e-06	3.546320e+00	3.109090e-01
8.444089176434390e-02	3.581742e+00	1.790870e-06	3.537439e+00	3.086780e-01
8.639401676434390e-02	3.548398e+00	1.774198e-06	3.505211e+00	3.008002e-01
8.834714176434390e-02	3.514446e+00	1.757222e-06	3.472330e+00	2.932592e-01
9.030026676434390e-02	3.479884e+00	1.739941e-06	3.438796e+00	2.860550e-01
9.225339176434390e-02	3.444714e+00	1.722356e-06	3.404609e+00	2.791876e-01
9.420651676434390e-02	3.408936e+00	1.704467e-06	3.369769e+00	2.726570e-01
9.615964176434390e-02	3.372549e+00	1.686273e-06	3.334275e+00	2.664632e-01
9.811276676434390e-02	3.335553e+00	1.667775e-06	3.298129e+00	2.606062e-01
9.908932926434390e-02	3.317163e+00	1.658581e-06	3.280138e+00	2.578723e-01
9.960000000000001e-02	3.307540e+00	1.653769e-06	3.270711e+00	2.565004e-01
9.970000000000001e-02	3.305655e+00	1.652827e-06	3.268864e+00	2.562357e-01
9.990000000000000e-02	3.301885e+00	1.650942e-06	3.265169e+00	2.557106e-01
1.000000000000000e-01	3.300000e+00	1.649999e-06	3.263312e+00	2.554497e-01
1.000100000000000e-01	3.299812e+00	1.649905e-06	3.263134e+00	2.554237e-01
1.000300000000000e-01	3.299434e+00	1.649716e-06	3.262767e+00	2.553717e-01
1.000600000000000e-01	3.298869e+00	1.649434e-06	3.262213e+00	2.552939e-01
1.001000000000000e-01	3.298115e+00	1.649057e-06	3.261473e+00	2.551903e-01
1.001040000000000e-01	3.298040e+00	1.649019e-06	3.261400e+00	2.551799e-01
1.001120000000000e-01	3.297889e+00	1.648944e-06	3.261252e+00	2.551593e-01
1.003780703125000e-01	3.292873e+00	1.646436e-06	3.256333e+00	2.544767e-01
1.006441406250000e-01	3.287858e+00	1.643928e-06	3.251415e+00	2.538028e-01
1.009102109375000e-01	3.282845e+00	1.641422e-06	3.246497e+00	2.531378e-01
1.011762812500000e-01	3.277833e+00	1.638916e-06	3.241579e+00	2.524815e-01
1.014423515625000e-01	3.272822e+00	1.636410e-06	3.236661e+00	2.518340e-01
1.017084218750000e-01	3.267813e+00	1.633906e-06	3.231743e+00	2.511953e-01
1.019744921875000e-01	3.262805e+00	1.631402e-06	3.226825e+00	2.505654e-01
1.020965625000000e-01	3.260509e+00	1.630254e-06	3.224570e+00	2.502778e-01
1.020970393371582e-01	3.260500e+00	3.237835e+00	3.224561e+00	2.502767e-01
1.020979930114746e-01	3.260482e+00	3.237818e+00	3.224543e+00	2.502744e-01
1.023767383902413e-01	3.255241e+00	3.232612e+00	3.219395e+00	2.496326e-01
1.026554837690081e-01	3.250003e+00	3.227411e+00	3.214249e+00	2.490014e-01
1.029342291477748e-01	3.244770e+00	3.222214e+00	3.209107e+00	2.483808e-01
1.032129745265415e-01	3.239541e+00	3.217022e+00	3.203968e+00	2.477709e-01
1.034917199053083e-01	3.234316e+00	3.211833e+00	3.198832e+00	2.471715e-01
1.037704652840750e-01	3.229096e+00	3.206649e+00	3.193699e+00	2.465828e-01
1.040492106628418e-01	3.223880e+00	3.201470e+00	3.188570e+00	2.460047e-01
1.050257731628418e-01	3.205660e+00	3.183376e+00	3.170635e+00	2.440408e-01
1.060023356628418e-01	3.187528e+00	3.165370e+00	3.152771e+00	2.422035e-01
1.069788981628418e-01	3.169502e+00	3.147470e+00	3.134994e+00	2.404935e-01
1.079554606628418e-01	3.151599e+00	3.129692e+00	3.117322e+00	2.389108e-01
1.089320231628418e-01	3.133836e+00	3.112052e+00	3.099772e+00	2.374553e-01
1.099085856628418e-01	3.116229e+00	3.094567e+00	3.082360e+00	2.361265e-01
1.108851481628418e-01	3.098795e+00	3.077255e+00	3.065104e+00	2.349237e-01
1.118617106628418e-01	3.081551e+00	3.060130e+00	3.048018e+00	2.338461e-01
1.128382731628418e-01	3.064512e+00	3.043210e+00	3.031121e+00	2.328925e-01
1.138148356628418e-01	3.047695e+00	3.026509e+00	3.014428e+00	2.320614e-01
1.147913981628418e-01	3.031115e+00	3.010045e+00	2.997955e+00	2.313514e-01
1.157679606628418e-01	3.014788e+00	2.993831e+00	2.981662e+00	2.307350e-01
1.161341716003418e-01	3.008734e+00	2.987819e+00	2.975636e+00	2.305439e-01
1.166660834503174e-01	3.000010e+00	2.979155e+00	2.966940e+00	2.302921e-01
1.166665602874756e-01	3.000002e+00	2.979148e+00	2.849166e+00	2.302918e-01
1.166670240092232e-01	2.999994e+00	2.979140e+00	2.431621e+00	2.302916e-01
1.166674450667602e-01	2.999987e+00	2.979133e+00	1.842518e+00	2.302915e-01
1.166677117229878e-01	2.999983e+00	2.979129e+00	1.497513e+00	2.302914e-01
1.166680848868189e-01	2.999977e+00	2.979123e+00	1.144647e+00	2.302912e-01
1.166687126562743e-01	2.999967e+00	2.979113e+00	7.253513e-01	2.302909e-01
1.166693968918576e-01	2.999955e+00	2.979102e+00	4.272538e-01	2.302906e-01
1.166700420130166e-01	2.999945e+00	2.979091e+00	2.565854e-01	2.302903e-01
1.166706442642098e-01	2.999935e+00	2.979081e+00	1.601184e-01	2.302901e-01
1.166712535118261e-01	2.999925e+00	2.979072e+00	9.992243e-02	2.302898e-01
1.166718681696046e-01	2.999915e+00	2.979062e+00	6.208594e-02	2.302895e-01
1.166724904286750e-01	2.999905e+00	2.979052e+00	3.831634e-02	2.302893e-01
1.166731073951327e-01	2.999895e+00	2.979042e+00	2.372482e-02	2.302890e-01
1.166737257784453e-01	2.999885e+00	2.979032e+00	1.468171e-02	2.302887e-01
1.166743416409762e-01	2.999875e+00	2.979022e+00	9.104289e-03	2.302885e-01
1.166749600691243e-01	2.999865e+00	2.979012e+00	5.636824e-03	2.302882e-01
1.166755769787123e-01	2.999855e+00	2.979002e+00	3.494484e-03	2.302879e-01
1.166761954298682e-01	2.999845e+00	2.978992e+00	2.165170e-03	2.302877e-01
1.166768127739486e-01	2.999834e+00	2.978981e+00	1.343680e-03	2.302874e-01
1.166774314833372e-01	2.999824e+00	2.978971e+00	8.342291e-04	2.302871e-01
1.166780498634771e-01	2.999814e+00	2.978961e+00	5.191696e-04	2.302869e-01
1.166786698466672e-01	2.999804e+00	2.978951e+00	3.238657e-04	2.302866e-01
1.166792905896577e-01	2.999794e+00	2.978941e+00	2.030441e-04	2.302863e-01
1.166799140823177e-01	2.999784e+00	2.978931e+00	1.281754e-04	2.302861e-01
1.166805407155440e-01	2.999774e+00	2.978921e+00	8.184998e-05	2.302858e-01
1.166811734753245e-01	2.999763e+00	2.978911e+00	5.315555e-05	2.302855e-01
1.166818150999950e-01	2.999753e+00	2.978900e+00	3.540602e-05	2.302852e-01
1.166824715936078e-01	2.999742e+00	2.978890e+00	2.442681e-05	2.302849e-01
1.166831508264505e-01	2.999731e+00	2.978879e+00	1.765442e-05	2.302847e-01
1.166838660741124e-01	2.999719e+00	2.978867e+00	1.349426e-05	2.302843e-01
1.166846361431554e-01	2.999707e+00	2.978855e+00	1.096649e-05	2.302840e-01
1.166854898762130e-01	2.999693e+00	2.978841e+00	9.462006e-06	2.302836e-01
1.166864690322466e-01	2.999677e+00	2.978825e+00	8.601882e-06	2.302832e-01
1.166876379512222e-01	2.999658e+00	2.978806e+00	8.143348e-06	2.302827e-01
1.166890987876949e-01	2.999634e+00	2.978782e+00	7.926146e-06	2.302821e-01
1.166910311943361e-01	2.999602e+00	2.978751e+00	7.841421e-06	2.302812e-01
1.166937873832196e-01	2.999557e+00	2.978706e+00	7.817651e-06	2.302801e-01
1.166981868715262e-01	2.999485e+00	2.978635e+00	7.814002e-06	2.302782e-01
1.167066663378798e-01	2.999347e+00	2.978498e+00	7.813475e-06	2.302745e-01
1.167236252705869e-01	2.999071e+00	2.978223e+00	7.812268e-06	2.302673e-01
1.167575431360013e-01	2.998518e+00	2.977674e+00	7.809880e-06	2.302529e-01
1.168253788668299e-01	2.997413e+00	2.976577e+00	7.805085e-06	2.302247e-01
1.169610503284872e-01	2.995207e+00	2.974387e+00	7.795457e-06	2.301703e-01
1.172323932518019e-01	2.990813e+00	2.970023e+00	7.776047e-06	2.300698e-01
1.177750790984312e-01	2.982092e+00	2.961362e+00	7.736665e-06	2.298998e-01
1.187516415984312e-01	2.966632e+00	2.946010e+00	7.664441e-06	2.296733e-01
1.197282040984312e-01	2.951486e+00	2.930970e+00	7.590672e-06	2.295446e-01
1.207047665984312e-01	2.936669e+00	2.916255e+00	7.515366e-06	2.295237e-01
1.216813290984312e-01	2.922193e+00	2.901880e+00	7.438758e-06	2.296081e-01
1.226578915984312e-01	2.908073e+00	2.887858e+00	7.361086e-06	2.297950e-01
1.236344540984312e-01	2.894322e+00	2.874202e+00	7.282587e-06	2.300816e-01
1.246110165984312e-01	2.880952e+00	2.860926e+00	7.203496e-06	2.304648e-01
1.255875790984312e-01	2.867977e+00	2.848041e+00	7.124042e-06	2.309419e-01
1.265641415984312e-01	2.855408e+00	2.835560e+00	7.044450e-06	2.315097e-01
1.275407040984312e-01	2.843259e+00	2.823494e+00	6.964939e-06	2.321650e-01
1.285172665984312e-01	2.831538e+00	2.811855e+00	6.885719e-06	2.329049e-01
1.294938290984312e-01	2.820259e+00	2.800654e+00	6.806994e-06	2.337261e-01
1.304703915984312e-01	2.809431e+00	2.789902e+00	6.728957e-06	2.346254e-01
1.314469540984312e-01	2.799065e+00	2.779608e+00	6.651793e-06	2.355997e-01
1.324235165984312e-01	2.789171e+00	2.769782e+00	6.575676e-06	2.366456e-01
1.334000790984312e-01	2.779757e+00	2.760434e+00	6.500768e-06	2.377599e-01
1.343766415984312e-01	2.770833e+00	2.751572e+00	6.427224e-06	2.389394e-01
1.353532040984312e-01	2.762407e+00	2.743204e+00	6.355186e-06	2.401808e-01
1.373063290984312e-01	2.747080e+00	2.727984e+00	6.216147e-06	2.428365e-01
1.382828915984312e-01	2.740193e+00	2.721145e+00	6.149310e-06	2.442425e-01
1.391234375000000e-01	2.734688e+00	2.715678e+00	6.093020e-06	2.454846e-01
1.394234375000000e-01	2.732818e+00	2.713821e+00	6.073416e-06	2.459393e-01
1.397000000000000e-01	2.731139e+00	2.712154e+00	6.055517e-06	2.463623e-01
1.398000000000000e-01	2.730542e+00	2.711561e+00	6.049082e-06	2.465161e-01
1.400000000000000e-01	2.729366e+00	2.710393e+00	6.036298e-06	2.468253e-01
1.401000000000000e-01	2.728786e+00	2.709818e+00	6.029946e-06	2.469805e-01
1.401100000000000e-01	2.728729e+00	2.709760e+00	6.029304e-06	2.469961e-01
1.401300000000000e-01	2.728614e+00	2.709646e+00	6.028031e-06	2.470272e-01
1.401441983561938e-01	2.728532e+00	2.709565e+00	6.027131e-06	2.470493e-01
1.401507803099398e-01	2.728494e+00	2.709527e+00	6.026714e-06	2.470596e-01
1.401571580192447e-01	2.728458e+00	2.709491e+00	6.026310e-06	2.470695e-01
1.401795743871318e-01	2.728329e+00	2.709364e+00	6.024891e-06	2.471045e-01
1.402000000000000e-01	2.728212e+00	2.709248e+00	6.023598e-06	2.471363e-01
1.402020425612868e-01	2.728201e+00	2.709236e+00	6.023469e-06	2.471395e-01
1.402061276838605e-01	2.728177e+00	2.709213e+00	6.023211e-06	2.471459e-01
1.402633193998914e-01	2.727852e+00	2.708889e+00	6.019600e-06	2.472352e-01
1.403286813610695e-01	2.727482e+00	2.708522e+00	6.015483e-06	2.473375e-01
1.404594052834259e-01	2.726750e+00	2.707795e+00	6.007288e-06	2.475428e-01
1.407208531281385e-01	2.725314e+00	2.706369e+00	5.991044e-06	2.479562e-01
1.412437488175639e-01	2.722559e+00	2.703633e+00	5.959129e-06	2.487933e-01
1.422203113175639e-01	2.717831e+00	2.698939e+00	5.901109e-06	2.503831e-01
1.431968738175639e-01	2.713652e+00	2.694788e+00	5.845125e-06	2.520043e-01
1.441734363175639e-01	2.710024e+00	2.691185e+00	5.791494e-06	2.536582e-01
1.451499988175639e-01	2.706951e+00	2.688134e+00	5.740269e-06	2.553416e-01
1.461265613175639e-01	2.704437e+00	2.685637e+00	5.690948e-06	2.570463e-01
1.462104846574076e-01	2.704247e+00	2.685449e+00	5.686846e-06	2.571942e-01
1.462944079972514e-01	2.704061e+00	2.685264e+00	5.682767e-06	2.573423e-01
1.463783313370951e-01	2.703879e+00	2.685084e+00	5.678712e-06	2.574906e-01
1.464622546769389e-01	2.703702e+00	2.684908e+00	5.674679e-06	2.576391e-01
1.465461780167826e-01	2.703529e+00	2.684735e+00	5.670670e-06	2.577878e-01
1.466301013566264e-01	2.703359e+00	2.684567e+00	5.666685e-06	2.579367e-01
1.467140246964701e-01	2.703194e+00	2.684403e+00	5.662722e-06	2.580859e-01
1.467142631150492e-01	2.703194e+00	2.684403e+00	5.662711e-06	2.580863e-01
1.467147399522074e-01	2.703193e+00	1.351596e-06	5.662689e-06	2.580872e-01
1.467156936265238e-01	2.703191e+00	1.351595e-06	5.662644e-06	2.580889e-01
1.469944390052906e-01	2.702673e+00	1.351336e-06	5.649670e-06	2.585858e-01
1.472731843840573e-01	2.702200e+00	1.351099e-06	5.636913e-06	2.590843e-01
1.475519297628241e-01	2.701774e+00	1.350886e-06	5.624371e-06	2.595843e-01
1.478306751415908e-01	2.701393e+00	1.350696e-06	5.612045e-06	2.600858e-01
1.481094205203576e-01	2.701058e+00	1.350528e-06	5.599936e-06	2.605888e-01
1.483881658991243e-01	2.700769e+00	1.350384e-06	5.588042e-06	2.610933e-01
1.486669112778910e-01	2.700526e+00	1.350262e-06	5.576364e-06	2.615992e-01
1.496434737778910e-01	2.700038e+00	1.350018e-06	5.536704e-06	2.633773e-01
1.506200362778910e-01	2.700114e+00	1.350056e-06	5.499634e-06	2.651670e-01
1.515965987778910e-01	2.700755e+00	1.350377e-06	5.465173e-06	2.669652e-01
1.525731612778910e-01	2.701959e+00	1.350979e-06	5.433335e-06	2.687685e-01
1.535497237778910e-01	2.703727e+00	1.351863e-06	5.404130e-06	2.705740e-01
1.545262862778910e-01	2.706056e+00	1.353027e-06	5.377569e-06	2.723784e-01
1.555028487778910e-01	2.708944e+00	1.354471e-06	5.353658e-06	2.741784e-01
1.564794112778910e-01	2.712388e+00	1.356193e-06	5.332403e-06	2.759710e-01
1.574559737778910e-01	2.716385e+00	1.358192e-06	5.313806e-06	2.777529e-01
1.584325362778910e-01	2.720931e+00	1.360465e-06	5.297870e-06	2.795209e-01
1.594090987778910e-01	2.726023e+00	1.363011e-06	5.284596e-06	2.812719e-01
1.603856612778910e-01	2.731654e+00	1.365827e-06	5.273984e-06	2.830027e-01
1.613622237778910e-01	2.737821e+00	1.368910e-06	5.266035e-06	2.847101e-01
1.623387862778910e-01	2.744517e+00	1.372258e-06	5.260747e-06	2.863911e-01
1.633153487778910e-01	2.751735e+00	1.375867e-06	5.258120e-06	2.880426e-01
1.642919112778910e-01	2.759469e+00	1.379734e-06	5.258154e-06	2.896614e-01
1.652684737778910e-01	2.767713e+00	1.383856e-06	5.260847e-06	2.912445e-01
1.662450362778910e-01	2.776457e+00	1.388228e-06	5.266198e-06	2.927890e-01
1.672215987778910e-01	2.785694e+00	1.392846e-06	5.274209e-06	2.942919e-01
1.691747237778910e-01	2.805610e+00	1.402804e-06	5.298207e-06	2.971612e-01
1.711278487778910e-01	2.827388e+00	1.413693e-06	5.332845e-06	2.998304e-01
1.725229380636053e-01	2.844128e+00	1.422063e-06	5.364092e-06	3.016171e-01
1.739180273493196e-01	2.861654e+00	1.430826e-06	5.400795e-06	3.032688e-01
1.753131166350339e-01	2.879968e+00	1.439983e-06	5.442954e-06	3.047858e-01
1.767082059207482e-01	2.899068e+00	1.449533e-06	5.490571e-06	3.061679e-01
1.781032952064625e-01	2.918956e+00	1.459477e-06	5.543644e-06	3.074152e-01
1.794983844921768e-01	2.939630e+00	1.469814e-06	5.602173e-06	3.085277e-01
1.808934737778910e-01	2.961091e+00	1.480545e-06	5.666159e-06	3.095053e-01
1.833332587821279e-01	2.999999e+00	1.499999e-06	5.790559e-06	3.108486e-01
1.833333237681404e-01	3.000000e+00	1.499999e-06	6.431837e-01	3.108487e-01
1.833333598208818e-01	3.000000e+00	1.499999e-06	1.743232e+00	3.108487e-01
1.833333890498019e-01	3.000001e+00	1.500000e-06	2.601906e+00	3.108487e-01
1.833334066563550e-01	3.000001e+00	1.500000e-06	2.803626e+00	3.108487e-01
1.833334264472198e-01	3.000001e+00	1.500000e-06	2.883049e+00	3.108487e-01
1.833334472981747e-01	3.000002e+00	1.500000e-06	2.920367e+00	3.108487e-01
1.833334890000843e-01	3.000003e+00	1.500001e-06	2.946032e+00	3.108487e-01
1.833335428059893e-01	3.000003e+00	1.500001e-06	2.954450e+00	3.108487e-01
1.833336322146063e-01	3.000005e+00	1.500002e-06	2.955539e+00	3.108488e-01
1.833337692236967e-01	3.000007e+00	1.500003e-06	2.955540e+00	3.108489e-01
1.833340432418775e-01	3.000012e+00	1.500005e-06	2.955545e+00	3.108490e-01
1.833345912782392e-01	3.000021e+00	1.500009e-06	2.955554e+00	3.108492e-01
1.833356873509625e-01	3.000038e+00	1.500018e-06	2.955572e+00	3.108497e-01
1.833378794964092e-01	3.000074e+00	1.500036e-06	2.955607e+00	3.108507e-01
1.833422637873025e-01	3.000146e+00	1.500072e-06	2.955678e+00	3.108526e-01
1.833510323690892e-01	3.000289e+00	1.500144e-06	2.955821e+00	3.108566e-01
1.833685695326625e-01	3.000575e+00	1.500287e-06	2.956106e+00	3.108644e-01
1.833724870363927e-01	3.000639e+00	1.500319e-06	2.956170e+00	3.108661e-01
1.833803220438531e-01	3.000767e+00	1.500383e-06	2.956298e+00	3.108696e-01
1.833871776753809e-01	3.000879e+00	1.500439e-06	2.956409e+00	3.108726e-01
1.833891364272460e-01	3.000911e+00	1.500455e-06	2.956441e+00	3.108735e-01
1.833930539309762e-01	3.000975e+00	1.500487e-06	2.956505e+00	3.108752e-01
1.833940333069088e-01	3.000991e+00	1.500495e-06	2.956521e+00	3.108757e-01
1.833959920587739e-01	3.001024e+00	1.500511e-06	2.956553e+00	3.108765e-01
1.833999095625040e-01	3.001087e+00	1.500543e-06	2.956616e+00	3.108782e-01
1.834077445699644e-01	3.001215e+00	1.500607e-06	2.956744e+00	3.108817e-01
1.834234145848852e-01	3.001472e+00	1.500735e-06	2.956999e+00	3.108886e-01
1.834468071313732e-01	3.001854e+00	1.500926e-06	2.957380e+00	3.108989e-01
1.834704871056553e-01	3.002242e+00	1.501120e-06	2.957766e+00	3.109092e-01
1.834931655928028e-01	3.002613e+00	1.501306e-06	2.958136e+00	3.109191e-01
1.835171364641953e-01	3.003006e+00	1.501502e-06	2.958527e+00	3.109295e-01
1.835403858190874e-01	3.003386e+00	1.501692e-06	2.958906e+00	3.109395e-01
1.835642427320312e-01	3.003777e+00	1.501888e-06	2.959296e+00	3.109498e-01
1.835874861230431e-01	3.004158e+00	1.502078e-06	2.959675e+00	3.109597e-01
1.836112062689159e-01	3.004547e+00	1.502273e-06	2.960063e+00	3.109698e-01
1.836345411629041e-01	3.004930e+00	1.502464e-06	2.960444e+00	3.109797e-01
1.836582153227125e-01	3.005319e+00	1.502659e-06	2.960831e+00	3.109897e-01
1.836816054672967e-01	3.005703e+00	1.502851e-06	2.961214e+00	3.109995e-01
1.837052297209075e-01	3.006091e+00	1.503045e-06	2.961601e+00	3.110094e-01
1.837286554334161e-01	3.006476e+00	1.503237e-06	2.961984e+00	3.110192e-01
1.837522482950444e-01	3.006864e+00	1.503431e-06	2.962371e+00	3.110290e-01
1.837757014101592e-01	3.007250e+00	1.503624e-06	2.962755e+00	3.110387e-01
1.837992719104933e-01	3.007638e+00	1.503818e-06	2.963141e+00	3.110484e-01
1.838227436349957e-01	3.008024e+00	1.504011e-06	2.963526e+00	3.110580e-01
1.838462981928053e-01	3.008412e+00	1.504205e-06	2.963913e+00	3.110676e-01
1.838933266147309e-01	3.009187e+00	1.504593e-06	2.964685e+00	3.110866e-01
1.839349933517157e-01	3.009875e+00	1.504937e-06	2.965370e+00	3.111033e-01
1.839766600887004e-01	3.010562e+00	1.505280e-06	2.966055e+00	3.111198e-01
1.840183268256852e-01	3.011250e+00	1.505625e-06	2.966741e+00	3.111363e-01
1.840599935626699e-01	3.011939e+00	1.505969e-06	2.967427e+00	3.111526e-01
1.841016602996547e-01	3.012628e+00	1.506314e-06	2.968114e+00	3.111687e-01
1.841433270366394e-01	3.013318e+00	1.506658e-06	2.968801e+00	3.111848e-01
1.841849937736242e-01	3.014008e+00	1.507003e-06	2.969489e+00	3.112006e-01
1.841854350918108e-01	3.014016e+00	1.507007e-06	2.838711e+00	3.112008e-01
1.841857704744149e-01	3.014021e+00	1.507010e-06	2.441485e+00	3.112009e-01
1.841860783200745e-01	3.014026e+00	1.507012e-06	1.858843e+00	3.112011e-01
1.841862794833962e-01	3.014030e+00	1.507014e-06	1.507275e+00	3.112011e-01
1.841865520180418e-01	3.014034e+00	1.507016e-06	1.158344e+00	3.112012e-01
1.841870236419344e-01	3.014042e+00	1.507020e-06	7.317418e-01	3.112014e-01
1.841875304048844e-01	3.014050e+00	1.507024e-06	4.323409e-01	3.112016e-01
1.841880144774365e-01	3.014058e+00	1.507029e-06	2.588700e-01	3.112018e-01
1.841884611185008e-01	3.014066e+00	1.507032e-06	1.618745e-01	3.112020e-01
1.841889171922621e-01	3.014073e+00	1.507036e-06	1.008396e-01	3.112021e-01
1.841893736679052e-01	3.014081e+00	1.507040e-06	6.275481e-02	3.112023e-01
1.841898389526927e-01	3.014089e+00	1.507044e-06	3.867813e-02	3.112025e-01
1.841902976922502e-01	3.014096e+00	1.507047e-06	2.397387e-02	3.112027e-01
1.841907596533509e-01	3.014104e+00	1.507051e-06	1.482165e-02	3.112028e-01
1.841912178955689e-01	3.014112e+00	1.507055e-06	9.197521e-03	3.112030e-01
1.841916795808523e-01	3.014119e+00	1.507059e-06	5.690282e-03	3.112032e-01
1.841921388307539e-01	3.014127e+00	1.507063e-06	3.528903e-03	3.112034e-01
1.841926002914209e-01	3.014134e+00	1.507066e-06	2.184871e-03	3.112035e-01
1.841930599772631e-01	3.014142e+00	1.507070e-06	1.355785e-03	3.112037e-01
1.841935213830055e-01	3.014150e+00	1.507074e-06	8.408380e-04	3.112039e-01
1.841939817983501e-01	3.014157e+00	1.507078e-06	5.227838e-04	3.112040e-01
1.841944437832568e-01	3.014165e+00	1.507082e-06	3.254100e-04	3.112042e-01
1.841949056122715e-01	3.014173e+00	1.507086e-06	2.034164e-04	3.112044e-01
1.841953694414572e-01	3.014180e+00	1.507089e-06	1.277625e-04	3.112046e-01
1.841958345962215e-01	3.014188e+00	1.507093e-06	8.097891e-05	3.112048e-01
1.841963034825125e-01	3.014196e+00	1.507097e-06	5.198200e-05	3.112049e-01
1.841967769894714e-01	3.014204e+00	1.507101e-06	3.404877e-05	3.112051e-01
1.841972590174168e-01	3.014212e+00	1.507105e-06	2.294462e-05	3.112053e-01
1.841977535522517e-01	3.014220e+00	1.507109e-06	1.608700e-05	3.112055e-01
1.841982685704852e-01	3.014228e+00	1.507113e-06	1.185874e-05	3.112057e-01
1.841988145845779e-01	3.014237e+00	1.507118e-06	9.270966e-06	3.112059e-01
1.841994086901574e-01	3.014247e+00	1.507123e-06	7.707184e-06	3.112061e-01
1.842000748303360e-01	3.014258e+00	1.507128e-06	6.787968e-06	3.112064e-01
1.842008499379604e-01	3.014271e+00	1.507135e-06	6.273357e-06	3.112067e-01
1.842017896954690e-01	3.014287e+00	1.507143e-06	6.008987e-06	3.112070e-01
1.842029873421755e-01	3.014307e+00	1.507153e-06	5.874155e-06	3.112075e-01
1.842031902534886e-01	3.014310e+00	1.507154e-06	5.864570e-06	3.112075e-01
1.842035960761146e-01	3.014317e+00	1.507158e-06	5.856944e-06	3.112077e-01
1.842044077213668e-01	3.014330e+00	1.507164e-06	5.848263e-06	3.112080e-01
1.842060310118711e-01	3.014357e+00	1.507178e-06	5.841918e-06	3.112086e-01
1.842092775928796e-01	3.014411e+00	1.507205e-06	5.839689e-06	3.112098e-01
1.842157707548968e-01	3.014518e+00	1.507259e-06	5.839892e-06	3.112123e-01
1.842287570789312e-01	3.014734e+00	1.507366e-06	5.840661e-06	3.112172e-01
1.842547297269999e-01	3.015165e+00	1.507582e-06	5.842141e-06	3.112269e-01
1.842891565225496e-01	3.015736e+00	1.507867e-06	5.844116e-06	3.112397e-01
1.843299092965711e-01	3.016413e+00	1.508206e-06	5.846456e-06	3.112548e-01
1.843788985159338e-01	3.017227e+00	1.508613e-06	5.849276e-06	3.112727e-01
1.844428155650581e-01	3.018290e+00	1.509144e-06	5.852966e-06	3.112957e-01
1.845312957248192e-01	3.019764e+00	1.509881e-06	5.858095e-06	3.113271e-01
1.846655602235831e-01	3.022004e+00	1.511001e-06	5.865927e-06	3.113732e-01
1.848977729787543e-01	3.025890e+00	1.512944e-06	5.879621e-06	3.114488e-01
1.853621984890969e-01	3.033706e+00	1.516852e-06	5.907578e-06	3.115837e-01
1.862910495097819e-01	3.049507e+00	1.524753e-06	5.965175e-06	3.118054e-01
1.872676120097819e-01	3.066349e+00	1.533174e-06	6.027997e-06	3.119738e-01
1.882441745097819e-01	3.083411e+00	1.541705e-06	6.093398e-06	3.120684e-01
1.891882202597794e-01	3.100099e+00	1.550049e-06	6.159123e-06	3.120885e-01
1.901577546483880e-01	3.117420e+00	1.558709e-06	6.229173e-06	3.120368e-01
1.911343171483880e-01	3.135038e+00	1.567518e-06	6.302273e-06	3.119130e-01
1.921108796483880e-01	3.152811e+00	1.576405e-06	6.377904e-06	3.117182e-01
1.930874421483880e-01	3.170723e+00	1.585361e-06	6.456037e-06	3.114542e-01
1.940640046483880e-01	3.188756e+00	1.594377e-06	6.536627e-06	3.111228e-01
1.950405671483880e-01	3.206895e+00	1.603447e-06	6.619624e-06	3.107264e-01
1.960171296483880e-01	3.225120e+00	1.612559e-06	6.704974e-06	3.102674e-01
1.969936921483880e-01	3.243417e+00	1.621707e-06	6.792610e-06	3.097487e-01
1.979702546483880e-01	3.261766e+00	1.630882e-06	6.882460e-06	3.091732e-01
1.982292410714286e-01	3.266640e+00	1.633319e-06	6.906489e-06	3.090154e-01
1.984882274944692e-01	3.271516e+00	1.635757e-06	6.930694e-06	3.088532e-01
1.987472139175098e-01	3.276393e+00	1.638195e-06	6.955075e-06	3.086867e-01
1.990062003405504e-01	3.281271e+00	1.640635e-06	6.979632e-06	3.085159e-01
1.992651867635910e-01	3.286150e+00	1.643074e-06	7.004366e-06	3.083407e-01
1.995241731866317e-01	3.291031e+00	1.645515e-06	7.029276e-06	3.081612e-01
1.997831596096723e-01	3.295913e+00	1.647956e-06	7.054362e-06	3.079773e-01
1.999000000000000e-01	3.298115e+00	1.649057e-06	7.065704e-06	3.078939e-01
1.999336807806555e-01	3.298750e+00	1.649374e-06	7.068980e-06	3.078696e-01
2.000000000000000e-01	3.300000e+00	1.649999e-06	7.075421e-06	3.078217e-01
2.000002920365399e-01	3.300005e+00	1.650002e-06	7.075453e-06	3.078215e-01
2.000008761096196e-01	3.300016e+00	1.650007e-06	7.075515e-06	3.078211e-01
2.000020442557791e-01	3.300039e+00	1.650018e-06	7.075635e-06	3.078202e-01
2.000037579628986e-01	3.300071e+00	1.650035e-06	7.075805e-06	3.078190e-01
2.000140402056157e-01	3.300265e+00	1.650131e-06	7.076808e-06	3.078116e-01
2.000277498625717e-01	3.300523e+00	1.650261e-06	7.078145e-06	3.078016e-01
2.000551691764839e-01	3.301040e+00	1.650519e-06	7.080820e-06	3.077817e-01
2.000607730294234e-01	3.301146e+00	1.650572e-06	7.081367e-06	3.077776e-01
2.000719807353024e-01	3.301357e+00	1.650678e-06	7.082460e-06	3.077695e-01
2.000747826617722e-01	3.301410e+00	1.650704e-06	7.082734e-06	3.077675e-01
2.000803865147117e-01	3.301515e+00	1.650757e-06	7.083281e-06	3.077634e-01
2.000810865086753e-01	3.301528e+00	1.650763e-06	7.083349e-06	3.077629e-01
2.000824864966025e-01	3.301555e+00	1.650777e-06	7.083486e-06	3.077618e-01
2.000828364935842e-01	3.301561e+00	1.650780e-06	7.083520e-06	3.077616e-01
2.000835364875478e-01	3.301575e+00	1.650786e-06	7.083589e-06	3.077611e-01
2.000837114860387e-01	3.301578e+00	1.650788e-06	7.083606e-06	3.077610e-01
2.000840614830205e-01	3.301584e+00	1.650791e-06	7.083640e-06	3.077607e-01
2.000847614769841e-01	3.301598e+00	3.278647e+00	7.083708e-06	3.077602e-01
2.000856874192379e-01	3.301615e+00	3.278665e+00	7.083799e-06	3.077595e-01
2.000867959230738e-01	3.301636e+00	3.278685e+00	7.083907e-06	3.077587e-01
2.000881437763828e-01	3.301661e+00	3.278710e+00	7.084038e-06	3.077577e-01
2.000885173680531e-01	3.301668e+00	3.278718e+00	7.084075e-06	3.077574e-01
2.000888748544284e-01	3.301675e+00	3.278724e+00	7.084110e-06	3.077572e-01
2.000891605026427e-01	3.301681e+00	3.278729e+00	7.084138e-06	3.077570e-01
2.000894225252394e-01	3.301686e+00	3.278734e+00	7.084163e-06	3.077568e-01
2.000897221119313e-01	3.301691e+00	3.278740e+00	7.084192e-06	3.077566e-01
2.000900564181884e-01	3.301697e+00	3.278746e+00	7.084225e-06	3.077563e-01
2.000905006852839e-01	3.301706e+00	3.278754e+00	7.084268e-06	3.077560e-01
2.000911498181812e-01	3.301718e+00	3.278767e+00	7.084332e-06	3.077555e-01
2.000921940147146e-01	3.301738e+00	3.278786e+00	7.084434e-06	3.077548e-01
2.000941668339824e-01	3.301775e+00	3.278823e+00	7.084627e-06	3.077533e-01
2.000960543614643e-01	3.301811e+00	3.278858e+00	7.084811e-06	3.077520e-01
2.000962249450362e-01	3.301814e+00	3.278862e+00	7.084828e-06	3.077518e-01
2.000965661121800e-01	3.301820e+00	3.278868e+00	7.084861e-06	3.077516e-01
2.000972484464675e-01	3.301833e+00	3.278881e+00	7.084927e-06	3.077511e-01
2.000983172096715e-01	3.301853e+00	3.278901e+00	7.085032e-06	3.077503e-01
2.001000000000000e-01	3.301885e+00	3.278932e+00	7.085196e-06	3.077491e-01
2.001001682790328e-01	3.301888e+00	3.278935e+00	7.085213e-06	3.077489e-01
2.001005048370985e-01	3.301894e+00	3.278942e+00	7.085246e-06	3.077487e-01
2.001007797981580e-01	3.301900e+00	3.278947e+00	7.085273e-06	3.077485e-01
2.001010907754930e-01	3.301906e+00	3.278953e+00	7.085303e-06	3.077483e-01
2.001017127301629e-01	3.301917e+00	3.278965e+00	7.085363e-06	3.077478e-01
2.001028338275218e-01	3.301938e+00	3.278986e+00	7.085473e-06	3.077470e-01
2.001049828535351e-01	3.301979e+00	3.279026e+00	7.085683e-06	3.077455e-01
2.001092809055617e-01	3.302060e+00	3.279106e+00	7.086103e-06	3.077423e-01
2.001178770096148e-01	3.302222e+00	3.279267e+00	7.086943e-06	3.077360e-01
2.001694536339335e-01	3.303194e+00	3.280232e+00	7.091986e-06	3.076983e-01
2.002382224663586e-01	3.304490e+00	3.281520e+00	7.098721e-06	3.076478e-01
2.003757601312086e-01	3.307083e+00	3.284094e+00	7.112225e-06	3.075458e-01
2.006508354609087e-01	3.312267e+00	3.289242e+00	7.139373e-06	3.073388e-01
2.012009861203090e-01	3.322633e+00	3.299536e+00	7.193959e-06	3.069179e-01
2.013230564328090e-01	3.324932e+00	3.301819e+00	7.206139e-06	3.068230e-01
2.015671970578090e-01	3.329529e+00	3.306384e+00	7.230613e-06	3.066305e-01
2.016133821425606e-01	3.330399e+00	3.307248e+00	7.235255e-06	3.065938e-01
2.016595672273123e-01	3.331268e+00	3.308111e+00	7.239900e-06	3.065570e-01
2.017057523120640e-01	3.332137e+00	3.308974e+00	7.244550e-06	3.065202e-01
2.017519373968157e-01	3.333007e+00	3.309838e+00	7.249204e-06	3.064832e-01
2.017981224815673e-01	3.333876e+00	3.310701e+00	7.253862e-06	3.064461e-01
2.018443075663190e-01	3.334745e+00	3.311564e+00	7.258524e-06	3.064090e-01
2.018904926510707e-01	3.335614e+00	3.312427e+00	7.263191e-06	3.063718e-01
2.018909694882289e-01	3.335623e+00	3.312436e+00	8.707334e-01	3.063714e-01
2.018913318636715e-01	3.335630e+00	3.312443e+00	2.719225e+00	3.063711e-01
2.018914893530570e-01	3.335633e+00	3.312446e+00	3.274597e+00	3.063710e-01
2.018916619118896e-01	3.335636e+00	3.312449e+00	3.287220e+00	3.063708e-01
2.018917564438716e-01	3.335638e+00	3.312451e+00	3.282774e+00	3.063707e-01
2.018918671070564e-01	3.335640e+00	3.312453e+00	3.293471e+00	3.063706e-01
2.018919771539304e-01	3.335642e+00	3.312455e+00	3.290933e+00	3.063706e-01
2.018921087792726e-01	3.335644e+00	3.312457e+00	3.292099e+00	3.063705e-01
2.018923276540108e-01	3.335649e+00	3.312461e+00	3.291661e+00	3.063703e-01
2.018926405306866e-01	3.335654e+00	3.312467e+00	3.291804e+00	3.063700e-01
2.018931637014760e-01	3.335664e+00	3.312477e+00	3.291741e+00	3.063696e-01
2.018940489173779e-01	3.335681e+00	3.312493e+00	3.291495e+00	3.063689e-01
2.018942335133423e-01	3.335684e+00	3.312497e+00	3.291548e+00	3.063687e-01
2.018946027052712e-01	3.335691e+00	3.312504e+00	3.291789e+00	3.063684e-01
2.018953410891289e-01	3.335705e+00	3.312518e+00	3.291807e+00	3.063678e-01
2.018968178568443e-01	3.335733e+00	3.312545e+00	3.291833e+00	3.063667e-01
2.018997713922751e-01	3.335788e+00	3.312600e+00	3.291890e+00	3.063643e-01
2.019056784631368e-01	3.335900e+00	3.312711e+00	3.292001e+00	3.063595e-01
2.019174926048602e-01	3.336122e+00	3.312932e+00	3.292225e+00	3.063500e-01
2.019411208883069e-01	3.336567e+00	3.313373e+00	3.292672e+00	3.063308e-01
2.019883774552004e-01	3.337456e+00	3.314256e+00	3.293566e+00	3.062925e-01
2.020828905889874e-01	3.339234e+00	3.316021e+00	3.295355e+00	3.062156e-01
2.022699432568275e-01	3.342751e+00	3.319515e+00	3.298893e+00	3.060622e-01
2.025281841806101e-01	3.347605e+00	3.324335e+00	3.303775e+00	3.058479e-01
2.030446660281754e-01	3.357303e+00	3.333965e+00	3.313528e+00	3.054106e-01
2.040212285281754e-01	3.375597e+00	3.352132e+00	3.331928e+00	3.045622e-01
2.049977910281754e-01	3.393820e+00	3.370228e+00	3.350267e+00	3.036897e-01
2.059743535281754e-01	3.411954e+00	3.388236e+00	3.368521e+00	3.027942e-01
2.069509160281754e-01	3.429983e+00	3.406140e+00	3.386672e+00	3.018805e-01
2.079274785281754e-01	3.447890e+00	3.423922e+00	3.404703e+00	3.009538e-01
2.089040410281754e-01	3.465657e+00	3.441566e+00	3.422596e+00	3.000193e-01
2.098806035281754e-01	3.483268e+00	3.459055e+00	3.440333e+00	2.990823e-01
2.108571660281754e-01	3.500708e+00	3.476373e+00	3.457898e+00	2.981484e-01
2.118337285281754e-01	3.517958e+00	3.493503e+00	3.475272e+00	2.972229e-01
2.128102910281754e-01	3.535003e+00	3.510430e+00	3.492440e+00	2.963114e-01
2.137868535281754e-01	3.551826e+00	3.527137e+00	3.509384e+00	2.954195e-01
2.147634160281754e-01	3.568413e+00	3.543608e+00	3.526087e+00	2.945527e-01
2.157399785281754e-01	3.584748e+00	3.559829e+00	3.542610e+00	2.937086e-01
2.158620488406754e-01	3.586771e+00	3.561838e+00	3.544650e+00	2.936056e-01
2.161061894656754e-01	3.590805e+00	3.565844e+00	3.548693e+00	2.934037e-01
2.165944707156754e-01	3.598821e+00	3.573804e+00	3.556773e+00	2.930043e-01
2.166402470828629e-01	3.599569e+00	3.574547e+00	3.557526e+00	2.929674e-01
2.166665074410059e-01	3.599997e+00	3.574973e+00	3.557958e+00	2.929463e-01
2.166665760698896e-01	3.599998e+00	3.574974e+00	3.522299e+00	2.929462e-01
2.166667133276570e-01	3.600001e+00	3.574976e+00	3.308625e+00	2.929461e-01
2.166668637032106e-01	3.600003e+00	3.574978e+00	2.973498e+00	2.929460e-01
2.166670319344340e-01	3.600006e+00	3.574981e+00	2.598449e+00	2.929459e-01
2.166672259388229e-01	3.600009e+00	3.574984e+00	2.234818e+00	2.929457e-01
2.166676139476008e-01	3.600015e+00	3.574991e+00	1.667860e+00	2.929454e-01
2.166681937642781e-01	3.600025e+00	3.575000e+00	1.058604e+00	2.929449e-01
2.166687806253343e-01	3.600034e+00	3.575009e+00	6.524808e-01	2.929445e-01
2.166693425076640e-01	3.600044e+00	3.575018e+00	4.110068e-01	2.929440e-01
2.166699364368222e-01	3.600053e+00	3.575028e+00	2.527326e-01	2.929435e-01
2.166705124992968e-01	3.600063e+00	3.575037e+00	1.572227e-01	2.929431e-01
2.166711036585099e-01	3.600072e+00	3.575047e+00	9.672531e-02	2.929426e-01
2.166716795995211e-01	3.600082e+00	3.575056e+00	6.018551e-02	2.929421e-01
2.166722673746247e-01	3.600091e+00	3.575066e+00	3.713755e-02	2.929417e-01
2.166728456042526e-01	3.600101e+00	3.575075e+00	2.307540e-02	2.929412e-01
2.166734322766756e-01	3.600111e+00	3.575085e+00	1.425106e-02	2.929407e-01
2.166740119371132e-01	3.600120e+00	3.575094e+00	8.847214e-03	2.929403e-01
2.166745974638038e-01	3.600129e+00	3.575104e+00	5.470545e-03	2.929398e-01
2.166751781502884e-01	3.600139e+00	3.575113e+00	3.395790e-03	2.929393e-01
2.166757631289861e-01	3.600148e+00	3.575123e+00	2.102658e-03	2.929389e-01
2.166763448630323e-01	3.600158e+00	3.575132e+00	1.306275e-03	2.929384e-01
2.166769298809977e-01	3.600168e+00	3.575141e+00	8.108793e-04	2.929379e-01
2.166775130277827e-01	3.600177e+00	3.575151e+00	5.053030e-04	2.929375e-01
2.166780991877152e-01	3.600187e+00	3.575161e+00	3.154732e-04	2.929370e-01
2.166786851310838e-01	3.600196e+00	3.575170e+00	1.982485e-04	2.929365e-01
2.166792749972266e-01	3.600206e+00	3.575180e+00	1.254979e-04	2.929361e-01
2.166798675579868e-01	3.600215e+00	3.575189e+00	8.054158e-05	2.929356e-01
2.166804674883755e-01	3.600225e+00	3.575199e+00	5.266712e-05	2.929351e-01
2.166810765742045e-01	3.600235e+00	3.575209e+00	3.544379e-05	2.929346e-01
2.166817023931146e-01	3.600245e+00	3.575219e+00	2.478685e-05	2.929341e-01
2.166823525480086e-01	3.600256e+00	3.575229e+00	1.822496e-05	2.929336e-01
2.166830421576390e-01	3.600267e+00	3.575241e+00	1.420196e-05	2.929330e-01
2.166837905995931e-01	3.600280e+00	3.575253e+00	1.177158e-05	2.929324e-01
2.166846294407370e-01	3.600293e+00	3.575266e+00	1.033921e-05	2.929318e-01
2.166856028124917e-01	3.600309e+00	3.575282e+00	9.535675e-06	2.929310e-01
2.166867815753585e-01	3.600328e+00	3.575301e+00	9.120553e-06	2.929300e-01
2.166882789214455e-01	3.600353e+00	3.575325e+00	8.934079e-06	2.929288e-01
2.166903032968961e-01	3.600386e+00	3.575358e+00	8.867622e-06	2.929272e-01
2.166932796912342e-01	3.600434e+00	3.575407e+00	8.852086e-06	2.929248e-01
2.166982705606182e-01	3.600516e+00	3.575487e+00	8.851145e-06	2.929208e-01
2.167082522993863e-01	3.600679e+00	3.575649e+00	8.852296e-06	2.929128e-01
2.167282157769224e-01	3.601004e+00	3.575972e+00	8.854357e-06	2.928969e-01
2.167681427319946e-01	3.601655e+00	3.576619e+00	8.858528e-06	2.928650e-01
2.168479966421390e-01	3.602955e+00	3.577910e+00	8.866843e-06	2.928015e-01
2.170077044624279e-01	3.605550e+00	3.580486e+00	8.883434e-06	2.926757e-01
2.173271201030056e-01	3.610716e+00	3.585617e+00	8.916418e-06	2.924284e-01
2.179659513841610e-01	3.620954e+00	3.595783e+00	8.981659e-06	2.919503e-01
2.207561299555896e-01	3.664778e+00	3.639302e+00	9.269709e-06	2.899189e-01
2.235463085270182e-01	3.705105e+00	3.679350e+00	9.517326e-06	2.886021e-01
2.263364870984468e-01	3.741937e+00	3.715926e+00	9.724508e-06	2.879998e-01
2.291266656698753e-01	3.775273e+00	3.749030e+00	9.891255e-06	2.881120e-01
2.319168442413039e-01	3.805114e+00	3.778663e+00	1.001757e-05	2.889388e-01
2.347070228127325e-01	3.831459e+00	3.804825e+00	1.010345e-05	2.904801e-01
2.374972013841610e-01	3.854307e+00	3.827515e+00	1.014889e-05	2.927359e-01
2.384737638841610e-01	3.861091e+00	3.834252e+00	1.014935e-05	2.937607e-01
2.391234375000000e-01	3.865312e+00	3.838443e+00	1.014682e-05	2.944887e-01
2.394234375000000e-01	3.867182e+00	3.840300e+00	1.014433e-05	2.948462e-01
2.397000000000001e-01	3.868861e+00	3.841967e+00	1.014156e-05	2.951836e-01
2.398000000000000e-01	3.869458e+00	3.842560e+00	1.014045e-05	2.953073e-01
2.400000000000000e-01	3.870634e+00	3.843728e+00	1.013799e-05	2.955587e-01
2.401000000000000e-01	3.871214e+00	3.844303e+00	1.013672e-05	2.956857e-01
2.401007306955398e-01	3.871218e+00	3.844308e+00	1.013670e-05	2.956866e-01
2.401021920866194e-01	3.871226e+00	3.844316e+00	1.013666e-05	2.956885e-01
2.401051148687786e-01	3.871243e+00	3.844333e+00	1.013661e-05	2.956922e-01
2.401087326667271e-01	3.871264e+00	3.844353e+00	1.013656e-05	2.956969e-01
2.401115076799760e-01	3.871280e+00	3.844369e+00	1.013652e-05	2.957004e-01
2.401132027585928e-01	3.871290e+00	3.844379e+00	1.013650e-05	2.957025e-01
2.401141297640092e-01	3.871295e+00	3.844384e+00	1.013649e-05	2.957037e-01
2.401146555567951e-01	3.871298e+00	3.844387e+00	1.013648e-05	2.957044e-01
2.401151477605249e-01	3.871301e+00	3.844390e+00	1.013647e-05	2.957051e-01
2.401156464794931e-01	3.871304e+00	3.844393e+00	1.013647e-05	2.957057e-01
2.401166439174296e-01	3.871310e+00	3.844399e+00	1.013645e-05	2.957070e-01
2.401176752213981e-01	3.871315e+00	3.844404e+00	1.013644e-05	2.957083e-01
2.401178033074708e-01	3.871316e+00	3.844405e+00	1.013644e-05	2.957084e-01
2.401180594796163e-01	3.871318e+00	3.844407e+00	1.013643e-05	2.957088e-01
2.401185718239073e-01	3.871321e+00	3.844410e+00	1.013643e-05	2.957094e-01
2.401192033423343e-01	3.871324e+00	1.935661e-06	1.013642e-05	2.957102e-01
2.401202246144002e-01	3.871330e+00	1.935664e-06	1.013640e-05	2.957115e-01
2.401213323856320e-01	3.871336e+00	1.935667e-06	1.013639e-05	2.957129e-01
2.401224578127145e-01	3.871343e+00	1.935671e-06	1.013637e-05	2.957144e-01
2.401236504272967e-01	3.871350e+00	1.935674e-06	1.013636e-05	2.957159e-01
2.401254290364290e-01	3.871360e+00	1.935679e-06	1.013633e-05	2.957182e-01
2.401289862546936e-01	3.871381e+00	1.935689e-06	1.013628e-05	2.957228e-01
2.401352028165921e-01	3.871416e+00	1.935707e-06	1.013620e-05	2.957307e-01
2.401448533200122e-01	3.871472e+00	1.935735e-06	1.013606e-05	2.957431e-01
2.401641543268524e-01	3.871583e+00	1.935790e-06	1.013580e-05	2.957678e-01
2.402000000000000e-01	3.871788e+00	1.935893e-06	1.013529e-05	2.958139e-01
2.402001561852949e-01	3.871789e+00	1.935893e-06	1.013529e-05	2.958141e-01
2.402004685558846e-01	3.871790e+00	1.935894e-06	1.013528e-05	2.958145e-01
2.402005768567063e-01	3.871791e+00	1.935894e-06	1.013528e-05	2.958147e-01
2.402006840415128e-01	3.871792e+00	1.935895e-06	1.013528e-05	2.958148e-01
2.402007641464982e-01	3.871792e+00	1.935895e-06	1.013528e-05	2.958149e-01
2.402008484907953e-01	3.871793e+00	1.935895e-06	1.013528e-05	2.958150e-01
2.402009293326295e-01	3.871793e+00	1.935895e-06	1.013528e-05	2.958151e-01
2.402010175467933e-01	3.871794e+00	1.935896e-06	1.013528e-05	2.958152e-01
2.402011223872054e-01	3.871794e+00	1.935896e-06	1.013528e-05	2.958154e-01
2.402012507006916e-01	3.871795e+00	1.935896e-06	1.013527e-05	2.958155e-01
2.402014222350987e-01	3.871796e+00	1.935897e-06	1.013527e-05	2.958158e-01
2.402016623859489e-01	3.871797e+00	1.935898e-06	1.013527e-05	2.958161e-01
2.402019970856168e-01	3.871799e+00	1.935899e-06	1.013526e-05	2.958165e-01
2.402025249546262e-01	3.871802e+00	1.935900e-06	1.013526e-05	2.958172e-01
2.402074529036612e-01	3.871830e+00	1.935914e-06	1.013519e-05	2.958235e-01
2.402123808526962e-01	3.871858e+00	1.935928e-06	1.013511e-05	2.958299e-01
2.402173088017312e-01	3.871886e+00	1.935942e-06	1.013504e-05	2.958363e-01
2.402222367507662e-01	3.871914e+00	1.935956e-06	1.013497e-05	2.958426e-01
2.402271646998012e-01	3.871942e+00	1.935970e-06	1.013490e-05	2.958490e-01
2.402320926488362e-01	3.871971e+00	1.935984e-06	1.013483e-05	2.958553e-01
2.402370205978712e-01	3.871999e+00	1.935998e-06	1.013476e-05	2.958617e-01
2.414935212744965e-01	3.878719e+00	1.939359e-06	1.011003e-05	2.975924e-01
2.427500219511218e-01	3.884519e+00	1.942259e-06	1.007697e-05	2.994562e-01
2.440065226277471e-01	3.889400e+00	1.944699e-06	1.003558e-05	3.014533e-01
2.452630233043724e-01	3.893361e+00	1.946679e-06	9.985853e-06	3.035835e-01
2.465195239809977e-01	3.896401e+00	1.948200e-06	9.927795e-06	3.058469e-01
2.477760246576230e-01	3.898522e+00	1.949260e-06	9.861403e-06	3.082435e-01
2.490325253342483e-01	3.899723e+00	1.949860e-06	9.786680e-06	3.107733e-01
2.504276146199626e-01	3.899933e+00	1.949966e-06	9.695086e-06	3.137267e-01
2.518227039056768e-01	3.899002e+00	1.949500e-06	9.598299e-06	3.167402e-01
2.532177931913911e-01	3.896929e+00	1.948464e-06	9.496320e-06	3.198137e-01
2.546128824771055e-01	3.893715e+00	1.946857e-06	9.389148e-06	3.229473e-01
2.560079717628198e-01	3.889360e+00	1.944679e-06	9.276783e-06	3.261408e-01
2.574030610485340e-01	3.883864e+00	1.941931e-06	9.159226e-06	3.293944e-01
2.587981503342483e-01	3.877226e+00	1.938612e-06	9.036476e-06	3.327080e-01
2.607512753342483e-01	3.865945e+00	1.932972e-06	8.859947e-06	3.373960e-01
2.627044003342483e-01	3.852680e+00	1.926339e-06	8.684576e-06	3.418535e-01
2.646575253342483e-01	3.837433e+00	1.918716e-06	8.510362e-06	3.460805e-01
2.666106503342483e-01	3.820202e+00	1.910100e-06	8.337305e-06	3.500770e-01
2.685637753342483e-01	3.800988e+00	1.900493e-06	8.165405e-06	3.538430e-01
2.705169003342483e-01	3.779791e+00	1.889895e-06	7.994663e-06	3.573786e-01
2.724700253342483e-01	3.756610e+00	1.878304e-06	7.825077e-06	3.606837e-01
2.753997128342483e-01	3.718903e+00	1.859451e-06	7.585637e-06	3.646366e-01
2.765179640898286e-01	3.703506e+00	1.851752e-06	7.497718e-06	3.658754e-01
2.776362153454090e-01	3.687661e+00	1.843830e-06	7.412110e-06	3.669403e-01
2.787544666009893e-01	3.671369e+00	1.835684e-06	7.328813e-06	3.678314e-01
2.798727178565698e-01	3.654630e+00	1.827314e-06	7.247826e-06	3.685485e-01
2.809909691121501e-01	3.637443e+00	1.818720e-06	7.169150e-06	3.690917e-01
2.821092203677305e-01	3.619808e+00	1.809903e-06	7.092783e-06	3.694610e-01
2.832274716233108e-01	3.601727e+00	1.800862e-06	7.018728e-06	3.696564e-01
2.833330910538528e-01	3.600004e+00	1.800001e-06	7.011901e-06	3.696625e-01
2.833332941347337e-01	3.600001e+00	1.799999e-06	9.435234e-01	3.696625e-01
2.833334067993243e-01	3.599999e+00	1.799998e-06	2.617661e+00	3.696625e-01
2.833334708667737e-01	3.599998e+00	1.799998e-06	3.447522e+00	3.696625e-01
2.833335186281410e-01	3.599997e+00	1.799998e-06	3.560535e+00	3.696625e-01
2.833335536770352e-01	3.599996e+00	1.799997e-06	3.547566e+00	3.696625e-01
2.833335926873817e-01	3.599996e+00	1.799997e-06	3.547485e+00	3.696625e-01
2.833336607064548e-01	3.599995e+00	1.799996e-06	3.547120e+00	3.696625e-01
2.833337583143630e-01	3.599993e+00	1.799996e-06	3.547110e+00	3.696625e-01
2.833339535301795e-01	3.599990e+00	1.799994e-06	3.547102e+00	3.696625e-01
2.833343439618124e-01	3.599983e+00	1.799991e-06	3.547098e+00	3.696626e-01
2.833351248250782e-01	3.599971e+00	1.799984e-06	3.547084e+00	3.696626e-01
2.833366865516097e-01	3.599945e+00	1.799972e-06	3.547059e+00	3.696627e-01
2.833398100046728e-01	3.599894e+00	1.799946e-06	3.547008e+00	3.696628e-01
2.833460569107989e-01	3.599792e+00	1.799895e-06	3.546906e+00	3.696631e-01
2.833585507230513e-01	3.599588e+00	1.799793e-06	3.546702e+00	3.696637e-01
2.833835383475560e-01	3.599180e+00	1.799589e-06	3.546287e+00	3.696648e-01
2.833868204177231e-01	3.599126e+00	1.799562e-06	3.546235e+00	3.696649e-01
2.833933845580573e-01	3.599019e+00	1.799509e-06	3.546133e+00	3.696652e-01
2.833950255931408e-01	3.598992e+00	1.799495e-06	3.546106e+00	3.696653e-01
2.833983076633079e-01	3.598939e+00	1.799468e-06	3.546052e+00	3.696654e-01
2.834011794747042e-01	3.598892e+00	1.799445e-06	3.546005e+00	3.696655e-01
2.834019999922460e-01	3.598878e+00	1.799438e-06	3.545992e+00	3.696655e-01
2.834022051216314e-01	3.598875e+00	1.799437e-06	3.545989e+00	3.696655e-01
2.834026153804023e-01	3.598868e+00	1.799433e-06	3.545982e+00	3.696656e-01
2.834034358979441e-01	3.598855e+00	1.799427e-06	3.545969e+00	3.696656e-01
2.834083590031947e-01	3.598774e+00	1.799386e-06	3.545888e+00	3.696658e-01
2.834149231435289e-01	3.598667e+00	1.799333e-06	3.545781e+00	3.696660e-01
2.834280514241972e-01	3.598453e+00	1.799225e-06	3.545566e+00	3.696665e-01
2.834543079855340e-01	3.598023e+00	1.799011e-06	3.545136e+00	3.696673e-01
2.834799149852345e-01	3.597604e+00	1.798801e-06	3.544718e+00	3.696681e-01
2.835020669175893e-01	3.597241e+00	1.798620e-06	3.544355e+00	3.696686e-01
2.835256262646471e-01	3.596855e+00	1.798427e-06	3.543969e+00	3.696691e-01
2.835486196656657e-01	3.596479e+00	1.798238e-06	3.543592e+00	3.696695e-01
2.835727299739680e-01	3.596084e+00	1.798041e-06	3.543197e+00	3.696699e-01
2.835959463557470e-01	3.595703e+00	1.797851e-06	3.542816e+00	3.696701e-01
2.836197451905815e-01	3.595312e+00	1.797655e-06	3.542426e+00	3.696703e-01
2.836429832723503e-01	3.594931e+00	1.797465e-06	3.542045e+00	3.696704e-01
2.836667132690445e-01	3.594542e+00	1.797270e-06	3.541655e+00	3.696704e-01
2.836900569617764e-01	3.594158e+00	1.797078e-06	3.541272e+00	3.696703e-01
2.837137281530133e-01	3.593769e+00	1.796884e-06	3.540883e+00	3.696701e-01
2.837371175251662e-01	3.593385e+00	1.796691e-06	3.540499e+00	3.696699e-01
2.837607400183644e-01	3.592996e+00	1.796497e-06	3.540110e+00	3.696695e-01
2.837841672701430e-01	3.592611e+00	1.796304e-06	3.539725e+00	3.696691e-01
2.838077595350135e-01	3.592222e+00	1.796110e-06	3.539337e+00	3.696685e-01
2.838312133743517e-01	3.591836e+00	1.795917e-06	3.538951e+00	3.696679e-01
2.838547831447620e-01	3.591448e+00	1.795723e-06	3.538563e+00	3.696673e-01
2.839018095026855e-01	3.590673e+00	1.795335e-06	3.537788e+00	3.696657e-01
2.839600454431274e-01	3.589712e+00	1.794855e-06	3.536828e+00	3.696632e-01
2.840182813835693e-01	3.588750e+00	1.794374e-06	3.535867e+00	3.696602e-01
2.840765173240112e-01	3.587788e+00	1.793893e-06	3.534905e+00	3.696567e-01
2.841347532644531e-01	3.586824e+00	1.793411e-06	3.533942e+00	3.696526e-01
2.841929892048951e-01	3.585859e+00	1.792929e-06	3.532978e+00	3.696480e-01
2.842512251453370e-01	3.584894e+00	1.792446e-06	3.532013e+00	3.696429e-01
2.843094610857789e-01	3.583927e+00	1.791963e-06	3.531048e+00	3.696372e-01
2.843507644893926e-01	3.583241e+00	1.791619e-06	3.530362e+00	3.696329e-01
2.843920678930063e-01	3.582554e+00	1.791276e-06	3.529676e+00	3.696283e-01
2.844333712966200e-01	3.581867e+00	1.790933e-06	3.528990e+00	3.696235e-01
2.844746747002336e-01	3.581180e+00	1.790589e-06	3.528304e+00	3.696184e-01
2.845159781038473e-01	3.580492e+00	1.790245e-06	3.527616e+00	3.696131e-01
2.845572815074610e-01	3.579803e+00	1.789901e-06	3.526929e+00	3.696075e-01
2.845985849110747e-01	3.579114e+00	1.789556e-06	3.526241e+00	3.696017e-01
2.845988669037289e-01	3.579110e+00	1.789554e-06	3.439254e+00	3.696016e-01
2.845989976297458e-01	3.579107e+00	1.789553e-06	3.233249e+00	3.696016e-01
2.845991242991313e-01	3.579105e+00	1.789552e-06	2.884024e+00	3.696016e-01
2.845992303326810e-01	3.579103e+00	1.789551e-06	2.586357e+00	3.696016e-01
2.845993424327320e-01	3.579102e+00	1.789550e-06	2.313298e+00	3.696015e-01
2.845995666328341e-01	3.579098e+00	1.789548e-06	1.870336e+00	3.696015e-01
2.846000150330382e-01	3.579090e+00	1.789544e-06	1.212520e+00	3.696015e-01
2.846004962493243e-01	3.579082e+00	1.789540e-06	7.347262e-01	3.696014e-01
2.846009368409513e-01	3.579075e+00	1.789537e-06	4.631997e-01	3.696013e-01
2.846014101041169e-01	3.579067e+00	1.789533e-06	2.835606e-01	3.696012e-01
2.846018589532976e-01	3.579060e+00	1.789529e-06	1.774434e-01	3.696012e-01
2.846023297183511e-01	3.579052e+00	1.789525e-06	1.087981e-01	3.696011e-01
2.846027816360888e-01	3.579044e+00	1.789521e-06	6.787400e-02	3.696010e-01
2.846032487701975e-01	3.579036e+00	1.789517e-06	4.176218e-02	3.696010e-01
2.846037030117754e-01	3.579029e+00	1.789513e-06	2.600316e-02	3.696009e-01
2.846041681990864e-01	3.579021e+00	1.789510e-06	1.602999e-02	3.696008e-01
2.846046242721140e-01	3.579014e+00	1.789506e-06	9.965648e-03	3.696008e-01
2.846050880181733e-01	3.579006e+00	1.789502e-06	6.153126e-03	3.696007e-01
2.846055453580459e-01	3.578998e+00	1.789498e-06	3.822512e-03	3.696007e-01
2.846060081816985e-01	3.578990e+00	1.789494e-06	2.363776e-03	3.696006e-01
2.846064665851392e-01	3.578983e+00	1.789491e-06	1.468631e-03	3.696005e-01
2.846069290033780e-01	3.578975e+00	1.789487e-06	9.101292e-04	3.696004e-01
2.846073885315642e-01	3.578967e+00	1.789483e-06	5.664973e-04	3.696004e-01
2.846078512741671e-01	3.578960e+00	1.789479e-06	3.525759e-04	3.696003e-01
2.846083125801296e-01	3.578952e+00	1.789475e-06	2.207093e-04	3.696002e-01
2.846087771456929e-01	3.578944e+00	1.789471e-06	1.387484e-04	3.696002e-01
2.846092422602974e-01	3.578936e+00	1.789467e-06	8.816155e-05	3.696001e-01
2.846097122245361e-01	3.578928e+00	1.789463e-06	5.675819e-05	3.696000e-01
2.846101865899063e-01	3.578921e+00	1.789459e-06	3.736424e-05	3.696000e-01
2.846106708318683e-01	3.578912e+00	1.789455e-06	2.534382e-05	3.695999e-01
2.846111682302174e-01	3.578904e+00	1.789451e-06	1.793036e-05	3.695998e-01
2.846116883746921e-01	3.578896e+00	1.789447e-06	1.335957e-05	3.695997e-01
2.846122417857723e-01	3.578886e+00	1.789442e-06	1.056950e-05	3.695997e-01
2.846128476850472e-01	3.578876e+00	1.789437e-06	8.888991e-06	3.695996e-01
2.846135311245777e-01	3.578865e+00	1.789432e-06	7.908973e-06	3.695995e-01
2.846143328684917e-01	3.578851e+00	1.789425e-06	7.367199e-06	3.695993e-01
2.846153130378512e-01	3.578835e+00	1.789417e-06	7.095012e-06	3.695992e-01
2.846165762381906e-01	3.578814e+00	1.789406e-06	6.977870e-06	3.695990e-01
2.846183122539830e-01	3.578785e+00	1.789392e-06	6.939022e-06	3.695987e-01
2.846209340222511e-01	3.578741e+00	1.789370e-06	6.930905e-06	3.695984e-01
2.846255168814502e-01	3.578665e+00	1.789331e-06	6.930195e-06	3.695977e-01
2.846346825998485e-01	3.578512e+00	1.789255e-06	6.929675e-06	3.695963e-01
2.846530140366451e-01	3.578206e+00	1.789102e-06	6.928531e-06	3.695935e-01
2.846886979890499e-01	3.577610e+00	1.788804e-06	6.926331e-06	3.695878e-01
2.847231445408153e-01	3.577034e+00	1.788516e-06	6.924206e-06	3.695822e-01
2.847718842917352e-01	3.576219e+00	1.788108e-06	6.921206e-06	3.695740e-01
2.848239467340940e-01	3.575347e+00	1.787673e-06	6.918005e-06	3.695647e-01
2.849063235630001e-01	3.573967e+00	1.786982e-06	6.912954e-06	3.695491e-01
2.850099600376746e-01	3.572227e+00	1.786113e-06	6.906623e-06	3.695278e-01
2.852026582428055e-01	3.568985e+00	1.784492e-06	6.894923e-06	3.694828e-01
2.855340036725411e-01	3.563388e+00	1.781693e-06	6.875030e-06	3.693889e-01
2.861966945320122e-01	3.552108e+00	1.776053e-06	6.836004e-06	3.691451e-01
2.871732570320122e-01	3.535288e+00	1.767643e-06	6.780025e-06	3.686735e-01
2.881498195320122e-01	3.518247e+00	1.759122e-06	6.725923e-06	3.680651e-01
2.891263820320122e-01	3.501000e+00	1.750499e-06	6.673857e-06	3.673093e-01
2.900748001789668e-01	3.484069e+00	1.742034e-06	6.625279e-06	3.664328e-01
2.910513626789668e-01	3.466465e+00	1.733231e-06	6.577314e-06	3.653848e-01
2.920279251789668e-01	3.448704e+00	1.724351e-06	6.531408e-06	3.641926e-01
2.930044876789668e-01	3.430803e+00	1.715401e-06	6.487579e-06	3.628572e-01
2.939810501789668e-01	3.412780e+00	1.706389e-06	6.445831e-06	3.613808e-01
2.949576126789668e-01	3.394650e+00	1.697324e-06	6.406163e-06	3.597661e-01
2.959341751789668e-01	3.376431e+00	1.688215e-06	6.368575e-06	3.580161e-01
2.969107376789668e-01	3.358140e+00	1.679069e-06	6.333065e-06	3.561342e-01
2.978873001789668e-01	3.339794e+00	1.669896e-06	6.299631e-06	3.541240e-01
2.988638626789668e-01	3.321411e+00	1.660705e-06	6.268268e-06	3.519896e-01
2.998404251789668e-01	3.303008e+00	1.651503e-06	6.238974e-06	3.497352e-01
3.017935501789668e-01	3.266210e+00	1.633104e-06	6.186565e-06	3.448851e-01
3.047232376789668e-01	3.211295e+00	1.605647e-06	6.123313e-06	3.368324e-01
3.066763626789668e-01	3.175074e+00	1.587536e-06	6.091297e-06	3.310097e-01
3.096060501789668e-01	3.121666e+00	1.560832e-06	6.058322e-06	3.217126e-01
3.125357376789668e-01	3.069768e+00	1.534883e-06	6.043142e-06	3.118896e-01
3.154654251789668e-01	3.019818e+00	1.509908e-06	6.045383e-06	3.017141e-01
3.164419876789668e-01	3.003675e+00	1.501837e-06	6.049526e-06	2.982770e-01
3.165640579914668e-01	3.001677e+00	1.500837e-06	6.050160e-06	2.978462e-01
3.165945755695918e-01	3.001178e+00	1.500588e-06	6.050336e-06	2.977384e-01
3.166658627247431e-01	3.000013e+00	1.500006e-06	6.050761e-06	2.974864e-01
3.166663395619013e-01	3.000005e+00	1.500002e-06	6.050764e-06	2.974848e-01
3.166672932362177e-01	2.999990e+00	1.499994e-06	6.050770e-06	2.974814e-01
3.166692005848505e-01	2.999959e+00	1.499979e-06	6.050781e-06	2.974746e-01
3.195983431280983e-01	2.952678e+00	1.476338e-06	6.080618e-06	2.867326e-01
3.225274856713461e-01	2.909162e+00	1.454580e-06	6.123017e-06	2.764324e-01
3.254566282145939e-01	2.869411e+00	1.434705e-06	6.177978e-06	2.665738e-01
3.283857707578416e-01	2.833426e+00	1.416712e-06	6.245502e-06	2.571570e-01
3.313149133010894e-01	2.801205e+00	1.400602e-06	6.325589e-06	2.481819e-01
3.342440558443371e-01	2.772749e+00	1.386374e-06	6.418238e-06	2.396486e-01
3.371731983875849e-01	2.748059e+00	1.374029e-06	6.523449e-06	2.315569e-01
3.401028858875849e-01	2.728770e+00	1.364384e-06	6.629037e-06	2.246810e-01
3.430325733875849e-01	2.714316e+00	1.357157e-06	6.736144e-06	2.187720e-01
3.459622608875849e-01	2.704821e+00	1.352410e-06	6.841170e-06	2.139081e-01
3.500000000000000e-01	2.700000e+00	1.349999e-06	6.975910e-06	2.090043e-01
3.500100000000000e-01	2.700000e+00	1.349999e-06	6.976221e-06	2.089950e-01
3.500300000000000e-01	2.700000e+00	1.349999e-06	6.976844e-06	2.089764e-01
3.500600000000000e-01	2.700001e+00	1.350000e-06	6.977777e-06	2.089486e-01
3.501000000000000e-01	2.700003e+00	1.350001e-06	6.979020e-06	2.089116e-01
3.502608368355887e-01	2.700020e+00	1.350009e-06	6.983982e-06	2.087668e-01
3.504216736711774e-01	2.700053e+00	1.350026e-06	6.988914e-06	2.086252e-01
3.505825105067660e-01	2.700101e+00	1.350050e-06	6.993815e-06	2.084867e-01
3.507433473423547e-01	2.700164e+00	1.350081e-06	6.998686e-06	2.083513e-01
3.509041841779434e-01	2.700242e+00	1.350120e-06	7.003526e-06	2.082191e-01
3.510650210135321e-01	2.700336e+00	1.350167e-06	7.008336e-06	2.080900e-01
3.512258578491207e-01	2.700445e+00	1.350222e-06	7.013116e-06	2.079640e-01
3.512262732870144e-01	2.700445e+00	1.350222e-06	7.013128e-06	2.079637e-01
3.512271041628016e-01	2.700446e+00	2.681674e+00	7.013153e-06	2.079631e-01
3.512287659143761e-01	2.700447e+00	2.681675e+00	7.013202e-06	2.079618e-01
3.512743215071379e-01	2.700481e+00	2.681709e+00	7.014544e-06	2.079273e-01
3.513198770998997e-01	2.700516e+00	2.681744e+00	7.015882e-06	2.078930e-01
3.513654326926615e-01	2.700552e+00	2.681780e+00	7.017217e-06	2.078592e-01
3.514109882854233e-01	2.700589e+00	2.681817e+00	7.018548e-06	2.078257e-01
3.514565438781851e-01	2.700628e+00	2.681855e+00	7.019875e-06	2.077926e-01
3.515020994709469e-01	2.700668e+00	2.681895e+00	7.021199e-06	2.077599e-01
3.515476550637087e-01	2.700709e+00	2.681936e+00	7.022518e-06	2.077275e-01
3.518668983568600e-01	2.701032e+00	2.682256e+00	7.031656e-06	2.075108e-01
3.525053849431624e-01	2.701858e+00	2.683076e+00	7.049410e-06	2.071247e-01
3.534819474431624e-01	2.703586e+00	2.684793e+00	7.075411e-06	2.066353e-01
3.544585099431624e-01	2.705876e+00	2.687067e+00	7.099924e-06	2.062706e-01
3.554350724431624e-01	2.708725e+00	2.689896e+00	7.122724e-06	2.060432e-01
3.564116349431624e-01	2.712131e+00	2.693278e+00	7.143723e-06	2.059543e-01
3.573881974431624e-01	2.716090e+00	2.697209e+00	7.162844e-06	2.060044e-01
3.583647599431624e-01	2.720598e+00	2.701686e+00	7.180023e-06	2.061941e-01
3.593413224431624e-01	2.725652e+00	2.706705e+00	7.195206e-06	2.065239e-01
3.603178849431624e-01	2.731246e+00	2.712260e+00	7.208354e-06	2.069942e-01
3.612944474431624e-01	2.737376e+00	2.718347e+00	7.219439e-06	2.076050e-01
3.622710099431624e-01	2.744035e+00	2.724960e+00	7.228446e-06	2.083562e-01
3.632475724431624e-01	2.751217e+00	2.732093e+00	7.235373e-06	2.092478e-01
3.642241349431624e-01	2.758916e+00	2.739738e+00	7.240233e-06	2.102793e-01
3.652006974431624e-01	2.767124e+00	2.747889e+00	7.243048e-06	2.114501e-01
3.661772599431624e-01	2.775834e+00	2.756538e+00	7.243857e-06	2.127595e-01
3.671538224431624e-01	2.785037e+00	2.765677e+00	7.242707e-06	2.142066e-01
3.681303849431624e-01	2.794724e+00	2.775297e+00	7.239657e-06	2.157903e-01
3.691069474431624e-01	2.804888e+00	2.785390e+00	7.234778e-06	2.175092e-01
3.700835099431624e-01	2.815517e+00	2.795945e+00	7.228149e-06	2.193619e-01
3.710600724431624e-01	2.826602e+00	2.806953e+00	7.219857e-06	2.213465e-01
3.720366349431624e-01	2.838133e+00	2.818404e+00	7.209999e-06	2.234612e-01
3.730131974431624e-01	2.850098e+00	2.830286e+00	7.198678e-06	2.257037e-01
3.739897599431624e-01	2.862487e+00	2.842589e+00	7.186002e-06	2.280717e-01
3.749663224431624e-01	2.875287e+00	2.855300e+00	7.172083e-06	2.305626e-01
3.759428849431624e-01	2.888488e+00	2.868409e+00	7.157040e-06	2.331734e-01
3.769194474431624e-01	2.902075e+00	2.881902e+00	7.140991e-06	2.359011e-01
3.778960099431624e-01	2.916037e+00	2.895767e+00	7.124059e-06	2.387424e-01
3.788725724431624e-01	2.930361e+00	2.909991e+00	7.106366e-06	2.416935e-01
3.798491349431624e-01	2.945032e+00	2.924560e+00	7.088034e-06	2.447508e-01
3.808256974431624e-01	2.960038e+00	2.939461e+00	7.069187e-06	2.479101e-01
3.818022599431624e-01	2.975363e+00	2.954680e+00	7.049944e-06	2.511672e-01
3.833331456395735e-01	2.999997e+00	2.979143e+00	7.019291e-06	2.564372e-01
3.833333268272948e-01	3.000000e+00	2.979146e+00	8.025298e-01	2.564378e-01
3.833334090856704e-01	3.000001e+00	2.979147e+00	2.059499e+00	2.564381e-01
3.833334641697722e-01	3.000002e+00	2.979148e+00	2.846118e+00	2.564383e-01
3.833335007987821e-01	3.000003e+00	2.979149e+00	2.967014e+00	2.564384e-01
3.833335305101004e-01	3.000003e+00	2.979149e+00	2.963353e+00	2.564385e-01
3.833335629608891e-01	3.000004e+00	2.979150e+00	2.963426e+00	2.564386e-01
3.833336198056857e-01	3.000005e+00	2.979151e+00	2.963253e+00	2.564388e-01
3.833337334952789e-01	3.000006e+00	2.979152e+00	2.963228e+00	2.564392e-01
3.833339608744653e-01	3.000010e+00	2.979156e+00	2.963231e+00	2.564400e-01
3.833344156328380e-01	3.000018e+00	2.979163e+00	2.963238e+00	2.564417e-01
3.833353251495835e-01	3.000032e+00	2.979178e+00	2.963253e+00	2.564448e-01
3.833371441830744e-01	3.000062e+00	2.979208e+00	2.963282e+00	2.564513e-01
3.833407822500562e-01	3.000122e+00	2.979267e+00	2.963339e+00	2.564641e-01
3.833480583840198e-01	3.000240e+00	2.979385e+00	2.963454e+00	2.564898e-01
3.833626106519471e-01	3.000478e+00	2.979621e+00	2.963685e+00	2.565412e-01
3.833917151878016e-01	3.000953e+00	2.980093e+00	2.964146e+00	2.566440e-01
3.834499242595107e-01	3.001905e+00	2.981038e+00	2.965068e+00	2.568500e-01
3.835663424029289e-01	3.003812e+00	2.982931e+00	2.966918e+00	2.572630e-01
3.837991786897653e-01	3.007636e+00	2.986729e+00	2.970630e+00	2.580935e-01
3.842648512634380e-01	3.015332e+00	2.994372e+00	2.978109e+00	2.597718e-01
3.861727589107835e-01	3.047483e+00	3.026299e+00	3.009287e+00	2.668139e-01
3.881258839107835e-01	3.081333e+00	3.059914e+00	3.042066e+00	2.742863e-01
3.891024464107835e-01	3.098575e+00	3.077036e+00	3.058715e+00	2.780994e-01
3.891234374999999e-01	3.098948e+00	3.077406e+00	3.059075e+00	2.781820e-01
3.891654196784328e-01	3.099694e+00	3.078147e+00	3.059798e+00	2.783478e-01
3.892493840352986e-01	3.101186e+00	3.079629e+00	3.061244e+00	2.786798e-01
3.894173127490301e-01	3.104176e+00	3.082597e+00	3.064140e+00	2.793451e-01
3.897531701764931e-01	3.110171e+00	3.088551e+00	3.069944e+00	2.806787e-01
3.898531701764931e-01	3.111959e+00	3.090327e+00	3.071675e+00	2.810766e-01
3.899000000000000e-01	3.112798e+00	3.091160e+00	3.072487e+00	2.812633e-01
3.899936596470138e-01	3.114476e+00	3.092826e+00	3.074112e+00	2.816370e-01
3.900999999999999e-01	3.116383e+00	3.094720e+00	3.075957e+00	2.820617e-01
3.901100000000000e-01	3.116563e+00	3.094898e+00	3.076132e+00	2.821017e-01
3.901300000000000e-01	3.116922e+00	3.095255e+00	3.076480e+00	2.821816e-01
3.901441984496912e-01	3.117177e+00	3.095508e+00	3.076727e+00	2.822384e-01
3.901507804916157e-01	3.117295e+00	3.095625e+00	3.076842e+00	2.822647e-01
3.901571582848408e-01	3.117409e+00	3.095739e+00	3.076952e+00	2.822902e-01
3.901795390145816e-01	3.117811e+00	3.096138e+00	3.077342e+00	2.823797e-01
3.901999999999999e-01	3.118179e+00	3.096503e+00	3.077698e+00	2.824616e-01
3.902020460985418e-01	3.118216e+00	3.096540e+00	3.077733e+00	2.824698e-01
3.902061382956254e-01	3.118289e+00	3.096613e+00	3.077804e+00	2.824861e-01
3.902634290547970e-01	3.119318e+00	3.097635e+00	3.078801e+00	2.827155e-01
3.903289042081359e-01	3.120496e+00	3.098804e+00	3.079942e+00	2.829779e-01
3.904598545148138e-01	3.122853e+00	3.101145e+00	3.082225e+00	2.835033e-01
3.907217551281695e-01	3.127575e+00	3.105834e+00	3.086802e+00	2.845569e-01
3.912455563548808e-01	3.137055e+00	3.115248e+00	3.095995e+00	2.866740e-01
3.922221188548808e-01	3.154845e+00	3.132915e+00	3.113234e+00	2.906449e-01
3.931986813548808e-01	3.172771e+00	3.150716e+00	3.130588e+00	2.946411e-01
3.941752438548808e-01	3.190818e+00	3.168637e+00	3.148037e+00	2.986567e-01
3.946926121715312e-01	3.200421e+00	3.178174e+00	3.157333e+00	3.007930e-01
3.946945195201640e-01	3.200456e+00	3.178209e+00	3.157368e+00	3.008009e-01
3.946949963573222e-01	3.200465e+00	3.178218e+00	3.157376e+00	3.008028e-01
3.946959500316387e-01	3.200483e+00	3.178235e+00	3.157393e+00	3.008068e-01
3.946978573802715e-01	3.200519e+00	3.178271e+00	3.157428e+00	3.008147e-01
3.947016720775371e-01	3.200589e+00	3.178341e+00	3.157496e+00	3.008304e-01
3.947093014720683e-01	3.200731e+00	3.178482e+00	3.157634e+00	3.008620e-01
3.947245602611308e-01	3.201015e+00	3.178764e+00	3.157908e+00	3.009250e-01
3.947482755456616e-01	3.201456e+00	3.179201e+00	3.158335e+00	3.010231e-01
3.947516495029326e-01	3.201519e+00	3.179264e+00	3.158396e+00	3.010370e-01
3.947571321834979e-01	3.201621e+00	3.179365e+00	3.158495e+00	3.010597e-01
3.947575539281568e-01	3.201628e+00	3.179373e+00	3.158503e+00	3.010615e-01
3.947634583533811e-01	3.201738e+00	3.179482e+00	3.158609e+00	3.010859e-01
3.947702062679231e-01	3.201864e+00	3.179606e+00	3.158731e+00	3.011138e-01
3.947837020970071e-01	3.202115e+00	3.179856e+00	3.158973e+00	3.011695e-01
3.948106937551752e-01	3.202617e+00	3.180354e+00	3.159460e+00	3.012812e-01
3.948359445617858e-01	3.203086e+00	3.180820e+00	3.159914e+00	3.013856e-01
3.948578939220749e-01	3.203495e+00	3.181226e+00	3.160310e+00	3.014764e-01
3.948813794580691e-01	3.203932e+00	3.181660e+00	3.160733e+00	3.015735e-01
3.949044856960705e-01	3.204361e+00	3.182087e+00	3.161150e+00	3.016690e-01
3.949285862652037e-01	3.204810e+00	3.182532e+00	3.161584e+00	3.017687e-01
3.949518257926912e-01	3.205243e+00	3.182962e+00	3.162003e+00	3.018649e-01
3.949755854938263e-01	3.205685e+00	3.183401e+00	3.162431e+00	3.019632e-01
3.949988446765727e-01	3.206118e+00	3.183831e+00	3.162850e+00	3.020594e-01
3.950229230409937e-01	3.206566e+00	3.184276e+00	3.163284e+00	3.021590e-01
3.950253347606154e-01	3.206611e+00	3.184321e+00	3.163328e+00	3.021689e-01
3.950277464802369e-01	3.206656e+00	3.184365e+00	3.163371e+00	3.021789e-01
3.950301581998585e-01	3.206701e+00	3.184410e+00	3.163415e+00	3.021889e-01
3.950325699194801e-01	3.206746e+00	3.184455e+00	3.163458e+00	3.021989e-01
3.950349816391017e-01	3.206791e+00	3.184499e+00	3.163502e+00	3.022089e-01
3.950373933587233e-01	3.206836e+00	3.184544e+00	3.163545e+00	3.022188e-01
3.950398050783449e-01	3.206881e+00	3.184588e+00	3.163589e+00	3.022288e-01
3.950401700953687e-01	3.206887e+00	3.184595e+00	3.163595e+00	3.022303e-01
3.950409001294163e-01	3.206901e+00	1.603450e-06	3.163609e+00	3.022334e-01
3.950423601975116e-01	3.206928e+00	1.603463e-06	3.163635e+00	3.022394e-01
3.950511206060830e-01	3.207091e+00	1.603545e-06	3.163793e+00	3.022757e-01
3.950628011508449e-01	3.207309e+00	1.603654e-06	3.164004e+00	3.023240e-01
3.950861622403686e-01	3.207744e+00	1.603871e-06	3.164425e+00	3.024206e-01
3.951133240048904e-01	3.208250e+00	1.604124e-06	3.164915e+00	3.025330e-01
3.951380012852080e-01	3.208709e+00	1.604354e-06	3.165360e+00	3.026351e-01
3.951610186278433e-01	3.209138e+00	1.604568e-06	3.165775e+00	3.027304e-01
3.951839295133162e-01	3.209565e+00	1.604782e-06	3.166189e+00	3.028252e-01
3.952074634247385e-01	3.210004e+00	1.605001e-06	3.166614e+00	3.029226e-01
3.952546927680989e-01	3.210884e+00	1.605441e-06	3.167466e+00	3.031181e-01
3.953053114333352e-01	3.211828e+00	1.605913e-06	3.168380e+00	3.033276e-01
3.953559300985715e-01	3.212772e+00	1.606385e-06	3.169294e+00	3.035372e-01
3.954065487638078e-01	3.213716e+00	1.606857e-06	3.170208e+00	3.037468e-01
3.954571674290441e-01	3.214660e+00	1.607329e-06	3.171123e+00	3.039563e-01
3.955077860942803e-01	3.215605e+00	1.607802e-06	3.172038e+00	3.041659e-01
3.955584047595166e-01	3.216549e+00	1.608274e-06	3.172953e+00	3.043755e-01
3.956090234247529e-01	3.217494e+00	1.608746e-06	3.173868e+00	3.045852e-01
3.956651689786506e-01	3.218543e+00	1.609270e-06	3.174883e+00	3.048177e-01
3.956652294563993e-01	3.218544e+00	1.609271e-06	3.150761e+00	3.048179e-01
3.956652574926446e-01	3.218544e+00	1.609271e-06	3.101808e+00	3.048181e-01
3.956652846588818e-01	3.218545e+00	1.609272e-06	3.026562e+00	3.048182e-01
3.956653074478760e-01	3.218545e+00	1.609272e-06	2.962491e+00	3.048183e-01
3.956653315222278e-01	3.218546e+00	1.609272e-06	2.896708e+00	3.048184e-01
3.956653796709316e-01	3.218547e+00	1.609273e-06	2.770813e+00	3.048186e-01
3.956654759683390e-01	3.218549e+00	1.609273e-06	2.538692e+00	3.048190e-01
3.956656685631539e-01	3.218552e+00	1.609275e-06	2.141782e+00	3.048198e-01
3.956660537527837e-01	3.218559e+00	1.609279e-06	1.525350e+00	3.048214e-01
3.956665540067921e-01	3.218569e+00	1.609283e-06	9.598342e-01	3.048234e-01
3.956670480397817e-01	3.218578e+00	1.609288e-06	6.002074e-01	3.048255e-01
3.956675820443623e-01	3.218588e+00	1.609293e-06	3.603045e-01	3.048277e-01
3.956680683822359e-01	3.218597e+00	1.609298e-06	2.253934e-01	3.048297e-01
3.956685793767452e-01	3.218606e+00	1.609302e-06	1.384512e-01	3.048318e-01
3.956690683511082e-01	3.218616e+00	1.609307e-06	8.668650e-02	3.048339e-01
3.956695796154843e-01	3.218625e+00	1.609312e-06	5.324159e-02	3.048360e-01
3.956700737707607e-01	3.218634e+00	1.609316e-06	3.316448e-02	3.048380e-01
3.956705817644163e-01	3.218644e+00	1.609321e-06	2.042086e-02	3.048401e-01
3.956710774891145e-01	3.218653e+00	1.609326e-06	1.270680e-02	3.048422e-01
3.956715834437098e-01	3.218663e+00	1.609330e-06	7.840226e-03	3.048443e-01
3.956720809997194e-01	3.218672e+00	1.609335e-06	4.872666e-03	3.048463e-01
3.956725857714077e-01	3.218681e+00	1.609340e-06	3.010966e-03	3.048484e-01
3.956730846138301e-01	3.218690e+00	1.609344e-06	1.870827e-03	3.048505e-01
3.956735886551941e-01	3.218700e+00	1.609349e-06	1.158340e-03	3.048526e-01
3.956740887252091e-01	3.218709e+00	1.609354e-06	7.205590e-04	3.048546e-01
3.956745927949775e-01	3.218719e+00	1.609358e-06	4.477138e-04	3.048567e-01
3.956750945656037e-01	3.218728e+00	1.609363e-06	2.796860e-04	3.048588e-01
3.956755999889459e-01	3.218738e+00	1.609368e-06	1.751650e-04	3.048609e-01
3.956761051007863e-01	3.218747e+00	1.609373e-06	1.106962e-04	3.048630e-01
3.956766149412599e-01	3.218756e+00	1.609377e-06	7.065028e-05	3.048651e-01
3.956771279459046e-01	3.218766e+00	1.609382e-06	4.592694e-05	3.048672e-01
3.956776497621329e-01	3.218776e+00	1.609387e-06	3.059149e-05	3.048694e-01
3.956781823616802e-01	3.218786e+00	1.609392e-06	2.112803e-05	3.048716e-01
3.956787347209089e-01	3.218796e+00	1.609397e-06	1.527916e-05	3.048739e-01
3.956793154150043e-01	3.218807e+00	1.609403e-06	1.169280e-05	3.048763e-01
3.956799418455058e-01	3.218819e+00	1.609409e-06	9.510889e-06	3.048789e-01
3.956806356187444e-01	3.218832e+00	1.609415e-06	8.214406e-06	3.048818e-01
3.956814326972401e-01	3.218846e+00	1.609422e-06	7.472904e-06	3.048851e-01
3.956823836901280e-01	3.218864e+00	1.609431e-06	7.078471e-06	3.048890e-01
3.956835741517784e-01	3.218886e+00	1.609442e-06	6.891888e-06	3.048939e-01
3.956851487297651e-01	3.218916e+00	1.609457e-06	6.819450e-06	3.049004e-01
3.956873990570571e-01	3.218958e+00	1.609478e-06	6.799343e-06	3.049098e-01
3.956909946217667e-01	3.219025e+00	1.609512e-06	6.796489e-06	3.049247e-01
3.956979530154114e-01	3.219155e+00	1.609577e-06	6.796461e-06	3.049535e-01
3.957118698027008e-01	3.219415e+00	1.609707e-06	6.796263e-06	3.050111e-01
3.957397033772796e-01	3.219935e+00	1.609967e-06	6.795893e-06	3.051264e-01
3.957747083745004e-01	3.220589e+00	1.610294e-06	6.795424e-06	3.052714e-01
3.958173543786391e-01	3.221386e+00	1.610692e-06	6.794856e-06	3.054480e-01
3.958676425503749e-01	3.222326e+00	1.611162e-06	6.794188e-06	3.056563e-01
3.959355515901494e-01	3.223595e+00	1.611797e-06	6.793291e-06	3.059376e-01
3.961756351258004e-01	3.228086e+00	1.614042e-06	6.790166e-06	3.069322e-01
3.964328716029828e-01	3.232902e+00	1.616450e-06	6.786905e-06	3.079978e-01
3.969473445573476e-01	3.242547e+00	1.621273e-06	6.780660e-06	3.101277e-01
3.979239070573476e-01	3.260894e+00	1.630446e-06	6.769587e-06	3.141644e-01
3.989004695573476e-01	3.279279e+00	1.639638e-06	6.759535e-06	3.181879e-01
3.998770320573476e-01	3.297682e+00	1.648840e-06	6.750669e-06	3.221903e-01
4.008147966243927e-01	3.315357e+00	1.657678e-06	6.743340e-06	3.260058e-01
4.017913591243927e-01	3.333749e+00	1.666873e-06	6.736985e-06	3.299426e-01
4.027679216243927e-01	3.352108e+00	1.676053e-06	6.731947e-06	3.338350e-01
4.037444841243927e-01	3.370419e+00	1.685209e-06	6.728279e-06	3.376747e-01
4.047210466243927e-01	3.388664e+00	1.694331e-06	6.726013e-06	3.414539e-01
4.056976091243927e-01	3.406825e+00	1.703412e-06	6.725184e-06	3.451648e-01
4.066741716243927e-01	3.424885e+00	1.712442e-06	6.725823e-06	3.487996e-01
4.076507341243927e-01	3.442828e+00	1.721413e-06	6.727957e-06	3.523507e-01
4.086272966243927e-01	3.460637e+00	1.730318e-06	6.731611e-06	3.558106e-01
4.096038591243927e-01	3.478294e+00	1.739146e-06	6.736811e-06	3.591720e-01
4.105804216243927e-01	3.495784e+00	1.747891e-06	6.743579e-06	3.624277e-01
4.115569841243927e-01	3.513089e+00	1.756544e-06	6.751934e-06	3.655706e-01
4.125335466243927e-01	3.530194e+00	1.765096e-06	6.761894e-06	3.685941e-01
4.135101091243927e-01	3.547082e+00	1.773540e-06	6.773479e-06	3.714915e-01
4.144866716243927e-01	3.563738e+00	1.781868e-06	6.786702e-06	3.742566e-01
4.154632341243927e-01	3.580145e+00	1.790072e-06	6.801578e-06	3.768834e-01
4.164397966243927e-01	3.596289e+00	1.798144e-06	6.817747e-06	3.793990e-01
4.165923845150177e-01	3.598787e+00	1.799392e-06	6.820436e-06	3.797784e-01
4.166620027401153e-01	3.599924e+00	1.799961e-06	6.821697e-06	3.799483e-01
4.166658174373810e-01	3.599986e+00	1.799992e-06	6.821766e-06	3.799575e-01
4.166667711116974e-01	3.600002e+00	1.800000e-06	6.821783e-06	3.799599e-01
4.166686784603302e-01	3.600033e+00	1.800016e-06	6.821818e-06	3.799645e-01
4.179237138607208e-01	3.620353e+00	1.810176e-06	6.846201e-06	3.828920e-01
4.191787492611114e-01	3.640102e+00	1.820050e-06	6.873364e-06	3.855443e-01
4.204337846615021e-01	3.659279e+00	1.829639e-06	6.903309e-06	3.879214e-01
4.216888200618927e-01	3.677885e+00	1.838941e-06	6.936034e-06	3.900233e-01
4.229438554622833e-01	3.695918e+00	1.847958e-06	6.971541e-06	3.918499e-01
4.241988908626739e-01	3.713381e+00	1.856689e-06	7.009828e-06	3.934014e-01
4.254539262630646e-01	3.730271e+00	1.865135e-06	7.050897e-06	3.946776e-01
4.279650869773503e-01	3.762259e+00	1.881129e-06	7.142827e-06	3.961895e-01
4.304762476916360e-01	3.790985e+00	1.895491e-06	7.244947e-06	3.965850e-01
4.329874084059217e-01	3.816448e+00	1.908223e-06	7.357255e-06	3.958640e-01
4.354985691202074e-01	3.838650e+00	1.919324e-06	7.479754e-06	3.940265e-01
4.380097298344932e-01	3.857589e+00	1.928794e-06	7.612441e-06	3.910725e-01
4.405208905487789e-01	3.873267e+00	1.936632e-06	7.755318e-06	3.870021e-01
4.430320512630646e-01	3.885682e+00	1.942840e-06	7.908384e-06	3.818152e-01
4.440274725111982e-01	3.889475e+00	1.944737e-06	7.970851e-06	3.795541e-01
4.450228937593319e-01	3.892686e+00	1.946342e-06	8.034093e-06	3.771883e-01
4.460183150074655e-01	3.895315e+00	1.947656e-06	8.098110e-06	3.747178e-01
4.470137362555991e-01	3.897360e+00	1.948679e-06	8.162903e-06	3.721427e-01
4.480091575037327e-01	3.898823e+00	1.949411e-06	8.228471e-06	3.694629e-01
4.490045787518664e-01	3.899703e+00	1.949850e-06	8.294815e-06	3.666785e-01
4.500000000000000e-01	3.900000e+00	1.949999e-06	8.361934e-06	3.637893e-01
4.500002408545847e-01	3.900000e+00	1.949999e-06	8.361951e-06	3.637886e-01
4.500007225637540e-01	3.900000e+00	1.949999e-06	8.361983e-06	3.637872e-01
4.500016859820927e-01	3.900000e+00	1.949999e-06	8.362048e-06	3.637844e-01
4.500029849479840e-01	3.900000e+00	1.949999e-06	8.362135e-06	3.637806e-01
4.500107787433319e-01	3.900000e+00	1.949999e-06	8.362661e-06	3.637577e-01
4.500211704704625e-01	3.900000e+00	1.949999e-06	8.363361e-06	3.637272e-01
4.500419539247236e-01	3.899999e+00	1.949999e-06	8.364764e-06	3.636661e-01
4.500584330914778e-01	3.899999e+00	1.949998e-06	8.365875e-06	3.636177e-01
4.500625528831664e-01	3.899999e+00	1.949998e-06	8.366153e-06	3.636056e-01
4.500707924665435e-01	3.899998e+00	1.949998e-06	8.366708e-06	3.635814e-01
4.500728523623878e-01	3.899998e+00	1.949998e-06	8.366847e-06	3.635754e-01
4.500769721540763e-01	3.899998e+00	1.949998e-06	8.367126e-06	3.635633e-01
4.500780021019984e-01	3.899998e+00	1.949998e-06	8.367195e-06	3.635602e-01
4.500800619978427e-01	3.899998e+00	1.949998e-06	8.367334e-06	3.635542e-01
4.500822112198958e-01	3.899998e+00	1.949998e-06	8.367479e-06	3.635479e-01
4.500826760286226e-01	3.899998e+00	1.949998e-06	8.367510e-06	3.635465e-01
4.500836056460761e-01	3.899998e+00	1.949998e-06	8.367573e-06	3.635438e-01
4.500838380504394e-01	3.899998e+00	1.949998e-06	8.367589e-06	3.635431e-01
4.500843028591662e-01	3.899998e+00	1.949998e-06	8.367620e-06	3.635417e-01
4.500852324766197e-01	3.899998e+00	1.949998e-06	8.367682e-06	3.635390e-01
4.500853617456272e-01	3.899998e+00	1.949998e-06	8.367691e-06	3.635386e-01
4.500856202836423e-01	3.899998e+00	3.872888e+00	8.367709e-06	3.635378e-01
4.500861373596723e-01	3.899998e+00	3.872888e+00	8.367744e-06	3.635363e-01
4.500867109576613e-01	3.899998e+00	3.872888e+00	8.367782e-06	3.635346e-01
4.500878581536392e-01	3.899998e+00	3.872887e+00	8.367860e-06	3.635313e-01
4.500884550200014e-01	3.899998e+00	3.872887e+00	8.367900e-06	3.635295e-01
4.500887017348731e-01	3.899998e+00	3.872887e+00	8.367917e-06	3.635288e-01
4.500889458522609e-01	3.899998e+00	3.872887e+00	8.367933e-06	3.635281e-01
4.500890290653268e-01	3.899998e+00	3.872887e+00	8.367939e-06	3.635278e-01
4.500891096118297e-01	3.899998e+00	3.872887e+00	8.367944e-06	3.635276e-01
4.500891967048588e-01	3.899998e+00	3.872887e+00	8.367950e-06	3.635273e-01
4.500892753054994e-01	3.899998e+00	3.872887e+00	8.367955e-06	3.635271e-01
4.500893563253351e-01	3.899998e+00	3.872887e+00	8.367961e-06	3.635269e-01
4.500894363368331e-01	3.899998e+00	3.872887e+00	8.367966e-06	3.635266e-01
4.500895135800872e-01	3.899998e+00	3.872887e+00	8.367972e-06	3.635264e-01
4.500895912446586e-01	3.899998e+00	3.872887e+00	8.367977e-06	3.635262e-01
4.500896662503255e-01	3.899998e+00	3.872887e+00	8.367982e-06	3.635260e-01
4.500897404902749e-01	3.899998e+00	3.872887e+00	8.367987e-06	3.635257e-01
4.500898126880100e-01	3.899998e+00	3.872887e+00	8.367992e-06	3.635255e-01
4.500898864460489e-01	3.899998e+00	3.872887e+00	8.367997e-06	3.635253e-01
4.500899603517140e-01	3.899998e+00	3.872887e+00	8.368002e-06	3.635251e-01
4.500900374343078e-01	3.899998e+00	3.872887e+00	8.368007e-06	3.635249e-01
4.500901170634080e-01	3.899998e+00	3.872887e+00	8.368012e-06	3.635246e-01
4.500902019583160e-01	3.899997e+00	3.872887e+00	8.368018e-06	3.635244e-01
4.500902918031720e-01	3.899997e+00	3.872887e+00	8.368024e-06	3.635241e-01
4.500903897786659e-01	3.899997e+00	3.872887e+00	8.368031e-06	3.635238e-01
4.500904954458391e-01	3.899997e+00	3.872887e+00	8.368038e-06	3.635235e-01
4.500906130361516e-01	3.899997e+00	3.872887e+00	8.368046e-06	3.635232e-01
4.500907417683102e-01	3.899997e+00	3.872887e+00	8.368054e-06	3.635228e-01
4.500908874719265e-01	3.899997e+00	3.872887e+00	8.368064e-06	3.635224e-01
4.500910542673398e-01	3.899997e+00	3.872887e+00	8.368075e-06	3.635219e-01
4.500912583959404e-01	3.899997e+00	3.872887e+00	8.368089e-06	3.635212e-01
4.500915133694982e-01	3.899997e+00	3.872887e+00	8.368106e-06	3.635205e-01
4.500918596480469e-01	3.899997e+00	3.872887e+00	8.368130e-06	3.635195e-01
4.500923602991244e-01	3.899997e+00	3.872887e+00	8.368163e-06	3.635180e-01
4.500946234047326e-01	3.899997e+00	3.872887e+00	8.368316e-06	3.635114e-01
4.500970759809474e-01	3.899997e+00	3.872887e+00	8.368482e-06	3.635041e-01
4.501000000000000e-01	3.899997e+00	3.872887e+00	8.368679e-06	3.634956e-01
4.501002924019052e-01	3.899997e+00	3.872887e+00	8.368699e-06	3.634947e-01
4.501008772057157e-01	3.899997e+00	3.872887e+00	8.368738e-06	3.634930e-01
4.501020468133368e-01	3.899997e+00	3.872887e+00	8.368817e-06	3.634895e-01
4.501040648797466e-01	3.899997e+00	3.872887e+00	8.368953e-06	3.634836e-01
4.501071972697652e-01	3.899997e+00	3.872886e+00	8.369165e-06	3.634744e-01
4.501133502052064e-01	3.899996e+00	3.872886e+00	8.369580e-06	3.634563e-01
4.501235441407062e-01	3.899996e+00	3.872885e+00	8.370267e-06	3.634263e-01
4.501422775693334e-01	3.899994e+00	3.872884e+00	8.371531e-06	3.633711e-01
4.501759727115704e-01	3.899991e+00	3.872881e+00	8.373806e-06	3.632718e-01
4.502355889854058e-01	3.899984e+00	3.872873e+00	8.377830e-06	3.630959e-01
4.503548215330766e-01	3.899963e+00	3.872853e+00	8.385883e-06	3.627430e-01
4.505932866284181e-01	3.899896e+00	3.872786e+00	8.402005e-06	3.620332e-01
4.510702168191012e-01	3.899661e+00	3.872553e+00	8.434292e-06	3.605987e-01
4.520240772004673e-01	3.898787e+00	3.871686e+00	8.498942e-06	3.576884e-01
4.530006397004673e-01	3.897336e+00	3.870244e+00	8.565132e-06	3.546600e-01
4.539772022004673e-01	3.895323e+00	3.868245e+00	8.631186e-06	3.515825e-01
4.549537647004673e-01	3.892749e+00	3.865689e+00	8.696931e-06	3.484640e-01
4.559303272004673e-01	3.889617e+00	3.862579e+00	8.762187e-06	3.453127e-01
4.569068897004673e-01	3.885930e+00	3.858918e+00	8.826762e-06	3.421371e-01
4.578834522004673e-01	3.881692e+00	3.854709e+00	8.890455e-06	3.389456e-01
4.588600147004673e-01	3.876907e+00	3.849957e+00	8.953058e-06	3.357463e-01
4.598365772004673e-01	3.871578e+00	3.844666e+00	9.014353e-06	3.325474e-01
4.608131397004673e-01	3.865712e+00	3.838840e+00	9.074116e-06	3.293568e-01
4.617897022004673e-01	3.859313e+00	3.832485e+00	9.132114e-06	3.261825e-01
4.627662647004673e-01	3.852388e+00	3.825608e+00	9.188114e-06	3.230320e-01
4.637428272004673e-01	3.844943e+00	3.818215e+00	9.241871e-06	3.199129e-01
4.647193897004673e-01	3.836984e+00	3.810312e+00	9.293142e-06	3.168322e-01
4.656959522004673e-01	3.828521e+00	3.801908e+00	9.341678e-06	3.137971e-01
4.666725147004673e-01	3.819560e+00	3.793009e+00	9.387235e-06	3.108141e-01
4.676490772004673e-01	3.810110e+00	3.783625e+00	9.429565e-06	3.078896e-01
4.696022022004673e-01	3.789780e+00	3.763436e+00	9.503576e-06	3.022402e-01
4.725318897004673e-01	3.755853e+00	3.729745e+00	9.584521e-06	2.943459e-01
4.754615772004673e-01	3.718067e+00	3.692222e+00	9.624433e-06	2.872571e-01
4.764381397004673e-01	3.704635e+00	3.678883e+00	9.627970e-06	2.850863e-01
4.774147022004673e-01	3.690856e+00	3.665199e+00	9.626142e-06	2.830232e-01
4.783912647004673e-01	3.676729e+00	3.651171e+00	9.618950e-06	2.810677e-01
4.793678272004673e-01	3.662255e+00	3.636797e+00	9.606392e-06	2.792198e-01
4.803443897004673e-01	3.647433e+00	3.622078e+00	9.588470e-06	2.774797e-01
4.813209522004673e-01	3.632264e+00	3.607015e+00	9.565184e-06	2.758471e-01
4.822975147004673e-01	3.616747e+00	3.591606e+00	9.536532e-06	2.743223e-01
4.832740772004673e-01	3.600967e+00	3.575935e+00	9.503694e-06	2.728845e-01
4.832893359895298e-01	3.600718e+00	3.575688e+00	9.503137e-06	2.728629e-01
4.833198535676548e-01	3.600220e+00	3.575194e+00	9.501980e-06	2.728207e-01
4.833333108882627e-01	3.600000e+00	3.574975e+00	9.501469e-06	2.728021e-01
4.833333277787584e-01	3.600000e+00	3.574975e+00	6.371402e-01	2.728020e-01
4.833333353793809e-01	3.600000e+00	3.574975e+00	1.503727e+00	2.728020e-01
4.833333427385545e-01	3.600000e+00	3.574975e+00	2.263170e+00	2.728020e-01
4.833333474916676e-01	3.600000e+00	3.574975e+00	2.488360e+00	2.728020e-01
4.833333530882531e-01	3.600000e+00	3.574975e+00	2.687675e+00	2.728020e-01
4.833333642814243e-01	3.599999e+00	3.574975e+00	2.973238e+00	2.728020e-01
4.833333795307316e-01	3.599999e+00	3.574974e+00	3.222027e+00	2.728020e-01
4.833333986515186e-01	3.599999e+00	3.574974e+00	3.391733e+00	2.728019e-01
4.833334218383519e-01	3.599998e+00	3.574974e+00	3.487335e+00	2.728019e-01
4.833334530245649e-01	3.599998e+00	3.574973e+00	3.536216e+00	2.728018e-01
4.833334953874721e-01	3.599997e+00	3.574973e+00	3.555344e+00	2.728018e-01
4.833335585035778e-01	3.599996e+00	3.574971e+00	3.560315e+00	2.728017e-01
4.833336597892873e-01	3.599995e+00	3.574970e+00	3.560846e+00	2.728016e-01
4.833338623607063e-01	3.599991e+00	3.574967e+00	3.560807e+00	2.728013e-01
4.833342675035443e-01	3.599985e+00	3.574960e+00	3.560807e+00	2.728007e-01
4.833350777892202e-01	3.599972e+00	3.574947e+00	3.560792e+00	2.727996e-01
4.833366983605721e-01	3.599945e+00	3.574921e+00	3.560766e+00	2.727974e-01
4.833399395032759e-01	3.599892e+00	3.574868e+00	3.560714e+00	2.727929e-01
4.833464217886835e-01	3.599786e+00	3.574763e+00	3.560609e+00	2.727840e-01
4.833593863594988e-01	3.599575e+00	3.574553e+00	3.560400e+00	2.727661e-01
4.833853155011292e-01	3.599151e+00	3.574132e+00	3.559982e+00	2.727305e-01
4.834371737843901e-01	3.598303e+00	3.573290e+00	3.559144e+00	2.726595e-01
4.835408903509119e-01	3.596606e+00	3.571604e+00	3.557465e+00	2.725186e-01
4.837483234839554e-01	3.593200e+00	3.568223e+00	3.554095e+00	2.722417e-01
4.841631897500425e-01	3.586353e+00	3.561423e+00	3.547307e+00	2.717065e-01
4.879226097822166e-01	3.522230e+00	3.497746e+00	3.483731e+00	2.677084e-01
4.888991722822166e-01	3.505030e+00	3.480665e+00	3.466688e+00	2.669059e-01
4.891234375000000e-01	3.501052e+00	3.476715e+00	3.462741e+00	2.667378e-01
4.895719679355667e-01	3.493067e+00	3.468785e+00	3.454804e+00	2.664230e-01
4.896719679355667e-01	3.491281e+00	3.467012e+00	3.453029e+00	2.663555e-01
4.898719679355666e-01	3.487704e+00	3.463460e+00	3.449471e+00	2.662250e-01
4.899719679355666e-01	3.485913e+00	3.461681e+00	3.447690e+00	2.661608e-01
4.900439358711333e-01	3.484622e+00	3.460400e+00	3.446406e+00	2.661156e-01
4.901000000000000e-01	3.483617e+00	3.459401e+00	3.445421e+00	2.660808e-01
4.901007931069531e-01	3.483602e+00	3.459387e+00	3.445397e+00	2.660803e-01
4.901023793208595e-01	3.483574e+00	3.459358e+00	3.445363e+00	2.660793e-01
4.901055517486723e-01	3.483517e+00	3.459302e+00	3.445307e+00	2.660774e-01
4.901095909806268e-01	3.483444e+00	3.459230e+00	3.445235e+00	2.660749e-01
4.901123277849063e-01	3.483395e+00	3.459181e+00	3.445185e+00	2.660732e-01
4.901140200460817e-01	3.483365e+00	3.459151e+00	3.445155e+00	2.660721e-01
4.901149021033893e-01	3.483349e+00	3.459135e+00	3.445140e+00	2.660716e-01
4.901155646121928e-01	3.483337e+00	3.459123e+00	3.445128e+00	2.660712e-01
4.901162228370374e-01	3.483325e+00	3.459112e+00	3.445116e+00	2.660708e-01
4.901172653092800e-01	3.483307e+00	3.459093e+00	3.445097e+00	2.660701e-01
4.901181472866795e-01	3.483291e+00	3.459077e+00	3.445082e+00	2.660696e-01
4.901189557450968e-01	3.483276e+00	3.459063e+00	3.445067e+00	2.660691e-01
4.901197745002318e-01	3.483262e+00	1.741630e-06	3.445053e+00	2.660686e-01
4.901207309734413e-01	3.483244e+00	1.741621e-06	3.445035e+00	2.660680e-01
4.901219401353225e-01	3.483223e+00	1.741611e-06	3.445014e+00	2.660673e-01
4.901232608038113e-01	3.483199e+00	1.741599e-06	3.444990e+00	2.660665e-01
4.901245045139869e-01	3.483177e+00	1.741588e-06	3.444968e+00	2.660657e-01
4.901264190579939e-01	3.483142e+00	1.741570e-06	3.444934e+00	2.660645e-01
4.901300365970181e-01	3.483078e+00	1.741538e-06	3.444869e+00	2.660623e-01
4.901371285077601e-01	3.482950e+00	1.741474e-06	3.444742e+00	2.660579e-01
4.901478531165249e-01	3.482758e+00	1.741378e-06	3.444551e+00	2.660514e-01
4.901693023340545e-01	3.482373e+00	1.741185e-06	3.444168e+00	2.660383e-01
4.902000000000000e-01	3.481821e+00	1.740910e-06	3.443619e+00	2.660196e-01
4.902001320776265e-01	3.481819e+00	1.740908e-06	3.443617e+00	2.660195e-01
4.902003962328797e-01	3.481814e+00	1.740906e-06	3.443612e+00	2.660193e-01
4.902004878390530e-01	3.481812e+00	1.740905e-06	3.443610e+00	2.660193e-01
4.902005883603875e-01	3.481811e+00	1.740904e-06	3.443609e+00	2.660192e-01
4.902006630719127e-01	3.481809e+00	1.740904e-06	3.443607e+00	2.660191e-01
4.902007410714314e-01	3.481808e+00	1.740903e-06	3.443606e+00	2.660191e-01
4.902008204525648e-01	3.481807e+00	1.740902e-06	3.443604e+00	2.660190e-01
4.902009066657677e-01	3.481805e+00	1.740902e-06	3.443603e+00	2.660190e-01
4.902010140065611e-01	3.481803e+00	1.740901e-06	3.443601e+00	2.660189e-01
4.902011492259986e-01	3.481801e+00	1.740899e-06	3.443599e+00	2.660189e-01
4.902013336583833e-01	3.481797e+00	1.740898e-06	3.443595e+00	2.660187e-01
4.902016050443485e-01	3.481792e+00	1.740895e-06	3.443590e+00	2.660186e-01
4.902019785827533e-01	3.481786e+00	1.740892e-06	3.443584e+00	2.660184e-01
4.902026295597282e-01	3.481774e+00	1.740886e-06	3.443572e+00	2.660179e-01
4.902034182766007e-01	3.481760e+00	1.740879e-06	3.443558e+00	2.660175e-01
4.913841128488255e-01	3.460357e+00	1.730177e-06	3.422232e+00	2.653983e-01
4.925648074210503e-01	3.438807e+00	1.719403e-06	3.400747e+00	2.649056e-01
4.937455019932750e-01	3.417111e+00	1.708555e-06	3.379100e+00	2.645394e-01
4.949261965654999e-01	3.395268e+00	1.697633e-06	3.357293e+00	2.642998e-01
4.961068911377246e-01	3.373279e+00	1.686639e-06	3.335326e+00	2.641866e-01
4.972875857099494e-01	3.351143e+00	1.675571e-06	3.313198e+00	2.641999e-01
4.984682802821742e-01	3.328861e+00	1.664430e-06	3.290910e+00	2.643397e-01
5.009968796125313e-01	3.280478e+00	1.640238e-06	3.242442e+00	2.651426e-01
5.035254789428885e-01	3.232952e+00	1.616475e-06	3.194791e+00	2.661719e-01
5.060540782732456e-01	3.186283e+00	1.593141e-06	3.147959e+00	2.674276e-01
5.085826776036028e-01	3.140470e+00	1.570234e-06	3.101944e+00	2.689098e-01
5.111112769339599e-01	3.095513e+00	1.547756e-06	3.056746e+00	2.706184e-01
5.136398762643171e-01	3.051413e+00	1.525706e-06	3.012367e+00	2.725534e-01
5.161684755946742e-01	3.008169e+00	1.504084e-06	2.968805e+00	2.747149e-01
5.166664168387998e-01	3.000004e+00	1.500001e-06	2.960584e+00	2.751060e-01
5.166665811734151e-01	3.000001e+00	1.500000e-06	2.897217e+00	2.751061e-01
5.166668100392847e-01	2.999998e+00	1.499998e-06	2.608650e+00	2.751063e-01
5.166670282758123e-01	2.999994e+00	1.499996e-06	2.196630e+00	2.751065e-01
5.166672146539665e-01	2.999991e+00	1.499995e-06	1.854459e+00	2.751066e-01
5.166674527697573e-01	2.999987e+00	1.499993e-06	1.510933e+00	2.751068e-01
5.166679290013391e-01	2.999979e+00	1.499989e-06	1.009348e+00	2.751072e-01
5.166685311867563e-01	2.999969e+00	1.499984e-06	5.840319e-01	2.751077e-01
5.166690755073429e-01	2.999961e+00	1.499980e-06	3.483797e-01	2.751081e-01
5.166695906417590e-01	2.999952e+00	1.499975e-06	2.150482e-01	2.751085e-01
5.166700898618677e-01	2.999944e+00	1.499971e-06	1.354799e-01	2.751089e-01
5.166706101999203e-01	2.999936e+00	1.499967e-06	8.389001e-02	2.751093e-01
5.166711267737348e-01	2.999927e+00	1.499963e-06	5.199796e-02	2.751097e-01
5.166716493031966e-01	2.999919e+00	1.499959e-06	3.205184e-02	2.751101e-01
5.166721638648604e-01	2.999910e+00	1.499954e-06	1.989326e-02	2.751105e-01
5.166726832865488e-01	2.999902e+00	1.499950e-06	1.230303e-02	2.751109e-01
5.166731988514918e-01	2.999893e+00	1.499946e-06	7.633851e-03	2.751113e-01
5.166737183006384e-01	2.999885e+00	1.499942e-06	4.722269e-03	2.751117e-01
5.166742347331192e-01	2.999876e+00	1.499938e-06	2.929190e-03	2.751121e-01
5.166747537418922e-01	2.999868e+00	1.499933e-06	1.814112e-03	2.751125e-01
5.166752707587327e-01	2.999860e+00	1.499929e-06	1.126292e-03	2.751129e-01
5.166757898669901e-01	2.999851e+00	1.499925e-06	6.990135e-04	2.751133e-01
5.166763079138257e-01	2.999843e+00	1.499921e-06	4.351382e-04	2.751137e-01
5.166768279494275e-01	2.999834e+00	1.499916e-06	2.713778e-04	2.751141e-01
5.166773480641067e-01	2.999826e+00	1.499912e-06	1.701693e-04	2.751146e-01
5.166778709453118e-01	2.999817e+00	1.499908e-06	1.074028e-04	2.751150e-01
5.166783960571278e-01	2.999809e+00	1.499904e-06	6.859248e-05	2.751154e-01
5.166789266264462e-01	2.999800e+00	1.499899e-06	4.453904e-05	2.751158e-01
5.166794643191619e-01	2.999791e+00	1.499895e-06	2.966762e-05	2.751162e-01
5.166800146932971e-01	2.999782e+00	1.499890e-06	2.046482e-05	2.751167e-01
5.166805838625981e-01	2.999773e+00	1.499886e-06	1.479013e-05	2.751171e-01
5.166811833479058e-01	2.999763e+00	1.499881e-06	1.130308e-05	2.751176e-01
5.166818284985386e-01	2.999753e+00	1.499876e-06	9.184703e-06	2.751181e-01
5.166825438046030e-01	2.999741e+00	1.499870e-06	7.923380e-06	2.751186e-01
5.166833638351924e-01	2.999727e+00	1.499863e-06	7.202213e-06	2.751193e-01
5.166843427749097e-01	2.999712e+00	1.499855e-06	6.817488e-06	2.751200e-01
5.166855655995242e-01	2.999691e+00	1.499845e-06	6.635116e-06	2.751210e-01
5.166871829120046e-01	2.999665e+00	1.499832e-06	6.563851e-06	2.751223e-01
5.166894881029771e-01	2.999628e+00	1.499813e-06	6.543774e-06	2.751241e-01
5.166931656203794e-01	2.999568e+00	1.499783e-06	6.540615e-06	2.751270e-01
5.167002421550885e-01	2.999452e+00	1.499725e-06	6.540036e-06	2.751325e-01
5.167143952245068e-01	2.999221e+00	1.499610e-06	6.538756e-06	2.751436e-01
5.167427013633433e-01	2.998760e+00	1.499379e-06	6.536220e-06	2.751658e-01
5.167993136410164e-01	2.997837e+00	1.498918e-06	6.531147e-06	2.752102e-01
5.169125381963626e-01	2.995995e+00	1.497997e-06	6.521032e-06	2.752990e-01
5.171389873070550e-01	2.992323e+00	1.496161e-06	6.500913e-06	2.754762e-01
5.175918855284398e-01	2.985025e+00	1.492512e-06	6.461129e-06	2.758294e-01
5.214273694712094e-01	2.925924e+00	1.462961e-06	6.143393e-06	2.787360e-01
5.243570569712094e-01	2.884392e+00	1.442195e-06	5.926705e-06	2.807834e-01
5.272867444712094e-01	2.846377e+00	1.423188e-06	5.734195e-06	2.826113e-01
5.295188873283523e-01	2.819729e+00	1.409864e-06	5.604163e-06	2.838469e-01
5.317510301854951e-01	2.795698e+00	1.397848e-06	5.488923e-06	2.848849e-01
5.339831730426380e-01	2.774285e+00	1.387142e-06	5.388475e-06	2.857253e-01
5.362153158997808e-01	2.755491e+00	1.377745e-06	5.302819e-06	2.863682e-01
5.384474587569237e-01	2.739314e+00	1.369656e-06	5.231956e-06	2.868135e-01
5.406796016140665e-01	2.725756e+00	1.362877e-06	5.175885e-06	2.870613e-01
5.429117444712094e-01	2.714815e+00	1.357407e-06	5.134606e-06	2.871114e-01
5.458414319712094e-01	2.705113e+00	1.352556e-06	5.102780e-06	2.868408e-01
5.476550480426380e-01	2.701639e+00	1.350819e-06	5.095747e-06	2.864848e-01
5.494686641140665e-01	2.700101e+00	1.350050e-06	5.098448e-06	2.860050e-01
5.512822801854951e-01	2.700499e+00	1.350249e-06	5.110882e-06	2.854012e-01
5.530958962569237e-01	2.702833e+00	1.351416e-06	5.133049e-06	2.846735e-01
5.549095123283523e-01	2.707102e+00	1.353550e-06	5.164949e-06	2.838220e-01
5.567231283997808e-01	2.713307e+00	1.356653e-06	5.206582e-06	2.828465e-01
5.585367444712094e-01	2.721449e+00	1.360724e-06	5.257949e-06	2.817472e-01
5.609083962569237e-01	2.735183e+00	1.367591e-06	5.340521e-06	2.801046e-01
5.632800480426380e-01	2.751773e+00	1.375886e-06	5.439346e-06	2.783606e-01
5.656516998283523e-01	2.771221e+00	1.385610e-06	5.554423e-06	2.765152e-01
5.680233516140665e-01	2.793526e+00	1.396762e-06	5.685752e-06	2.745685e-01
5.703950033997808e-01	2.818688e+00	1.409343e-06	5.833333e-06	2.725203e-01
5.727666551854951e-01	2.846707e+00	1.423353e-06	5.997167e-06	2.703709e-01
5.751383069712094e-01	2.877583e+00	1.438791e-06	6.177253e-06	2.681200e-01
5.761148694712094e-01	2.890886e+00	1.445442e-06	6.255501e-06	2.672162e-01
5.770914319712094e-01	2.904541e+00	1.452270e-06	6.335847e-06	2.663253e-01
5.780679944712094e-01	2.918548e+00	1.459273e-06	6.418291e-06	2.654475e-01
5.790445569712094e-01	2.932906e+00	1.466452e-06	6.502833e-06	2.645826e-01
5.800211194712094e-01	2.947617e+00	1.473808e-06	6.589473e-06	2.637307e-01
5.809976819712094e-01	2.962680e+00	1.481339e-06	6.678212e-06	2.628918e-01
5.819742444712094e-01	2.978094e+00	1.489046e-06	6.769049e-06	2.620659e-01
5.829508069712094e-01	2.993777e+00	1.496888e-06	6.860941e-06	2.612669e-01
5.830728772837094e-01	2.995758e+00	1.497878e-06	6.872544e-06	2.611690e-01
5.833170179087094e-01	2.999734e+00	1.499866e-06	6.895880e-06	2.609756e-01
5.833332971294537e-01	3.000000e+00	1.499999e-06	6.897440e-06	2.609628e-01
5.833333242111840e-01	3.000000e+00	1.499999e-06	5.637093e-01	2.609628e-01
5.833333367657184e-01	3.000000e+00	1.499999e-06	1.372660e+00	2.609628e-01
5.833333489306661e-01	3.000000e+00	1.499999e-06	2.123734e+00	2.609628e-01
5.833333561972786e-01	3.000000e+00	1.499999e-06	2.339738e+00	2.609628e-01
5.833333649307152e-01	3.000000e+00	1.499999e-06	2.507373e+00	2.609628e-01
5.833333809112892e-01	3.000001e+00	1.500000e-06	2.702647e+00	2.609627e-01
5.833333998932321e-01	3.000001e+00	1.500000e-06	2.831590e+00	2.609627e-01
5.833334258745710e-01	3.000001e+00	1.500000e-06	2.910777e+00	2.609627e-01
5.833334566695817e-01	3.000002e+00	1.500000e-06	2.945570e+00	2.609627e-01
5.833335030025749e-01	3.000003e+00	1.500001e-06	2.959153e+00	2.609626e-01
5.833335670655178e-01	3.000004e+00	1.500001e-06	2.962360e+00	2.609626e-01
5.833336829891075e-01	3.000006e+00	1.500002e-06	2.962599e+00	2.609625e-01
5.833339094058669e-01	3.000009e+00	1.500004e-06	2.962587e+00	2.609623e-01
5.833343622393857e-01	3.000017e+00	1.500008e-06	2.962598e+00	2.609619e-01
5.833352679064234e-01	3.000031e+00	1.500015e-06	2.962612e+00	2.609612e-01
5.833370792404987e-01	3.000061e+00	1.500030e-06	2.962642e+00	2.609598e-01
5.833407019086493e-01	3.000120e+00	1.500059e-06	2.962702e+00	2.609570e-01
5.833479472449505e-01	3.000239e+00	1.500119e-06	2.962821e+00	2.609513e-01
5.833624379175529e-01	3.000475e+00	1.500237e-06	2.963059e+00	2.609399e-01
5.833914192627578e-01	3.000949e+00	1.500474e-06	2.963536e+00	2.609171e-01
5.834493819531676e-01	3.001896e+00	1.500947e-06	2.964490e+00	2.608717e-01
5.835653073339873e-01	3.003795e+00	1.501897e-06	2.966402e+00	2.607813e-01
5.837971580956265e-01	3.007603e+00	1.503801e-06	2.970241e+00	2.606021e-01
5.842608596189048e-01	3.015266e+00	1.507632e-06	2.977975e+00	2.602508e-01
5.862069618398416e-01	3.048393e+00	1.524196e-06	3.011315e+00	2.587768e-01
5.881530640607782e-01	3.082138e+00	1.541068e-06	3.045234e+00	2.575448e-01
5.900991662817149e-01	3.116502e+00	1.558250e-06	3.079734e+00	2.565549e-01
5.920452685026516e-01	3.151483e+00	1.575741e-06	3.114813e+00	2.558071e-01
5.939913707235883e-01	3.187082e+00	1.593540e-06	3.150473e+00	2.553013e-01
5.959374729445249e-01	3.223300e+00	1.611649e-06	3.186713e+00	2.550375e-01
5.978835751654616e-01	3.260136e+00	1.630067e-06	3.223532e+00	2.550157e-01
5.988601376654616e-01	3.278519e+00	1.639258e-06	3.241885e+00	2.551546e-01
5.990234375000000e-01	3.281595e+00	1.640797e-06	3.244955e+00	2.551872e-01
5.993500371690766e-01	3.287749e+00	1.643874e-06	3.251098e+00	2.552646e-01
5.996500371690766e-01	3.293403e+00	1.646701e-06	3.256740e+00	2.553449e-01
5.997500371690766e-01	3.295288e+00	1.647643e-06	3.258620e+00	2.553734e-01
5.998000000000000e-01	3.296230e+00	1.648114e-06	3.259560e+00	2.553881e-01
5.998999256618468e-01	3.298114e+00	1.649056e-06	3.261439e+00	2.554186e-01
6.000000000000000e-01	3.300000e+00	1.649999e-06	3.263330e+00	2.554497e-01
6.000099999999999e-01	3.300189e+00	1.650093e-06	3.263512e+00	2.554529e-01
6.000300000000000e-01	3.300565e+00	1.650282e-06	3.263885e+00	2.554593e-01
6.000599999999999e-01	3.301131e+00	1.650565e-06	3.264449e+00	2.554690e-01
6.001000000000000e-01	3.301885e+00	1.650942e-06	3.265201e+00	2.554820e-01
6.001040000000000e-01	3.301960e+00	1.650979e-06	3.265276e+00	2.554833e-01
6.001120000000000e-01	3.302111e+00	1.651055e-06	3.265426e+00	2.554859e-01
6.003651957092286e-01	3.306885e+00	1.653441e-06	3.270187e+00	2.555731e-01
6.006183914184573e-01	3.311657e+00	1.655828e-06	3.274945e+00	2.556666e-01
6.008715871276860e-01	3.316428e+00	1.658213e-06	3.279701e+00	2.557665e-01
6.011247828369146e-01	3.321197e+00	1.660598e-06	3.284455e+00	2.558727e-01
6.013779785461433e-01	3.325966e+00	1.662982e-06	3.289207e+00	2.559853e-01
6.016311742553719e-01	3.330733e+00	1.665366e-06	3.293957e+00	2.561042e-01
6.018843699646006e-01	3.335499e+00	1.667749e-06	3.298704e+00	2.562295e-01
6.018846083831797e-01	3.335503e+00	1.667751e-06	3.298709e+00	2.562296e-01
6.018850852203379e-01	3.335512e+00	3.312326e+00	3.298718e+00	2.562298e-01
6.018860388946543e-01	3.335530e+00	3.312344e+00	3.298735e+00	2.562304e-01
6.021647842734210e-01	3.340774e+00	3.317552e+00	3.303957e+00	2.563796e-01
6.024435296521878e-01	3.346015e+00	3.322755e+00	3.309172e+00	2.565376e-01
6.027222750309545e-01	3.351251e+00	3.327955e+00	3.314382e+00	2.567044e-01
6.030010204097213e-01	3.356483e+00	3.333151e+00	3.319587e+00	2.568800e-01
6.032797657884880e-01	3.361711e+00	3.338343e+00	3.324785e+00	2.570644e-01
6.035585111672548e-01	3.366935e+00	3.343531e+00	3.329978e+00	2.572575e-01
6.038372565460215e-01	3.372155e+00	3.348715e+00	3.335165e+00	2.574594e-01
6.048138190460215e-01	3.390393e+00	3.366825e+00	3.353288e+00	2.582191e-01
6.057903815460215e-01	3.408545e+00	3.384851e+00	3.371310e+00	2.590866e-01
6.067669440460215e-01	3.426595e+00	3.402776e+00	3.389215e+00	2.600639e-01
6.077435065460215e-01	3.444526e+00	3.420582e+00	3.406985e+00	2.611526e-01
6.087200690460215e-01	3.462321e+00	3.438253e+00	3.424603e+00	2.623540e-01
6.096966315460215e-01	3.479963e+00	3.455773e+00	3.442052e+00	2.636691e-01
6.106731940460215e-01	3.497436e+00	3.473124e+00	3.459316e+00	2.650988e-01
6.116497565460215e-01	3.514723e+00	3.490291e+00	3.476377e+00	2.666434e-01
6.126263190460215e-01	3.531808e+00	3.507257e+00	3.493221e+00	2.683029e-01
6.136028815460215e-01	3.548675e+00	3.524007e+00	3.509829e+00	2.700771e-01
6.145794440460215e-01	3.565307e+00	3.540524e+00	3.526188e+00	2.719653e-01
6.155560065460215e-01	3.581691e+00	3.556793e+00	3.542281e+00	2.739663e-01
6.165325690460215e-01	3.597808e+00	3.572799e+00	3.558158e+00	2.760549e-01
6.166660834503184e-01	3.599990e+00	3.574966e+00	3.560307e+00	2.763489e-01
6.166663218688975e-01	3.599994e+00	3.574970e+00	3.465276e+00	2.763494e-01
6.166667987060557e-01	3.600002e+00	3.574977e+00	2.910140e+00	2.763505e-01
6.166671194856833e-01	3.600007e+00	3.574982e+00	2.369256e+00	2.763512e-01
6.166673886365940e-01	3.600012e+00	3.574987e+00	1.929571e+00	2.763518e-01
6.166677384457939e-01	3.600018e+00	3.574992e+00	1.503377e+00	2.763526e-01
6.166684380641938e-01	3.600029e+00	3.575004e+00	9.038857e-01	2.763541e-01
6.166690832064050e-01	3.600039e+00	3.575014e+00	5.405334e-01	2.763556e-01
6.166696570607342e-01	3.600049e+00	3.575024e+00	3.449842e-01	2.763568e-01
6.166702770366036e-01	3.600059e+00	3.575034e+00	2.141457e-01	2.763582e-01
6.166708860925025e-01	3.600069e+00	3.575043e+00	1.335504e-01	2.763596e-01
6.166715182346312e-01	3.600079e+00	3.575054e+00	8.180971e-02	2.763610e-01
6.166721278965778e-01	3.600089e+00	3.575064e+00	5.089479e-02	2.763624e-01
6.166727513437293e-01	3.600099e+00	3.575074e+00	3.138704e-02	2.763638e-01
6.166733623228076e-01	3.600109e+00	3.575084e+00	1.952747e-02	2.763651e-01
6.166739849093942e-01	3.600119e+00	3.575094e+00	1.205316e-02	2.763665e-01
6.166745984368183e-01	3.600129e+00	3.575104e+00	7.486497e-03	2.763679e-01
6.166752195795809e-01	3.600140e+00	3.575114e+00	4.627272e-03	2.763693e-01
6.166758342801710e-01	3.600150e+00	3.575124e+00	2.874048e-03	2.763706e-01
6.166764546169966e-01	3.600160e+00	3.575134e+00	1.779627e-03	2.763720e-01
6.166770707082967e-01	3.600170e+00	3.575144e+00	1.106481e-03	2.763734e-01
6.166776911251042e-01	3.600180e+00	3.575154e+00	6.872821e-04	2.763748e-01
6.166783090804404e-01	3.600190e+00	3.575164e+00	4.289509e-04	2.763762e-01
6.166789310035240e-01	3.600200e+00	3.575174e+00	2.683492e-04	2.763776e-01
6.166795526511106e-01	3.600210e+00	3.575184e+00	1.692408e-04	2.763790e-01
6.166801794852435e-01	3.600220e+00	3.575194e+00	1.077015e-04	2.763804e-01
6.166808098855004e-01	3.600231e+00	3.575204e+00	6.969391e-05	2.763818e-01
6.166814500256345e-01	3.600241e+00	3.575215e+00	4.612273e-05	2.763832e-01
6.166821022116229e-01	3.600252e+00	3.575225e+00	3.156953e-05	2.763847e-01
6.166827763810726e-01	3.600263e+00	3.575236e+00	2.257120e-05	2.763862e-01
6.166834822785373e-01	3.600275e+00	3.575248e+00	1.704482e-05	2.763878e-01
6.166842394083243e-01	3.600287e+00	3.575260e+00	1.367295e-05	2.763894e-01
6.166850723135461e-01	3.600300e+00	3.575274e+00	1.165706e-05	2.763913e-01
6.166860214217267e-01	3.600316e+00	3.575289e+00	1.049145e-05	2.763934e-01
6.166871434921262e-01	3.600334e+00	3.575307e+00	9.859449e-06	2.763960e-01
6.166885326996858e-01	3.600357e+00	3.575330e+00	9.550922e-06	2.763991e-01
6.166903451791951e-01	3.600386e+00	3.575359e+00	9.424719e-06	2.764031e-01
6.166928861672704e-01	3.600428e+00	3.575400e+00	9.386352e-06	2.764088e-01
6.166968279063291e-01	3.600492e+00	3.575464e+00	9.379773e-06	2.764176e-01
6.167040656650156e-01	3.600610e+00	3.575581e+00	9.379743e-06	2.764339e-01
6.167185411823887e-01	3.600847e+00	3.575816e+00	9.379886e-06	2.764663e-01
6.167474922171348e-01	3.601318e+00	3.576284e+00	9.380137e-06	2.765313e-01
6.168053942866270e-01	3.602262e+00	3.577221e+00	9.380631e-06	2.766616e-01
6.169211984256114e-01	3.604145e+00	3.579092e+00	9.381551e-06	2.769237e-01
6.171528067035804e-01	3.607901e+00	3.582821e+00	9.383130e-06	2.774536e-01
6.176160232595184e-01	3.615362e+00	3.590230e+00	9.385260e-06	2.785361e-01
6.185424563713942e-01	3.630082e+00	3.604848e+00	9.386473e-06	2.807680e-01
6.195190188713942e-01	3.645296e+00	3.619957e+00	9.383695e-06	2.832099e-01
6.204955813713942e-01	3.660186e+00	3.634742e+00	9.376346e-06	2.857522e-01
6.214721438713942e-01	3.674736e+00	3.649191e+00	9.364512e-06	2.883928e-01
6.224487063713942e-01	3.688933e+00	3.663290e+00	9.348361e-06	2.911279e-01
6.234252688713942e-01	3.702765e+00	3.677025e+00	9.328072e-06	2.939534e-01
6.244018313713942e-01	3.716217e+00	3.690384e+00	9.303840e-06	2.968646e-01
6.253783938713942e-01	3.729277e+00	3.703354e+00	9.275866e-06	2.998568e-01
6.263549563713942e-01	3.741934e+00	3.715923e+00	9.244366e-06	3.029245e-01
6.273315188713942e-01	3.754175e+00	3.728078e+00	9.209560e-06	3.060622e-01
6.283080813713942e-01	3.765988e+00	3.739809e+00	9.171671e-06	3.092639e-01
6.292846438713942e-01	3.777363e+00	3.751105e+00	9.130929e-06	3.125234e-01
6.302612063713942e-01	3.788288e+00	3.761954e+00	9.087564e-06	3.158339e-01
6.312377688713942e-01	3.798754e+00	3.772347e+00	9.041807e-06	3.191887e-01
6.322143313713942e-01	3.808750e+00	3.782274e+00	8.993885e-06	3.225806e-01
6.331908938713942e-01	3.818268e+00	3.791725e+00	8.944024e-06	3.260021e-01
6.341674563713942e-01	3.827297e+00	3.800693e+00	8.892446e-06	3.294456e-01
6.351440188713942e-01	3.835831e+00	3.809167e+00	8.839369e-06	3.329033e-01
6.370971438713942e-01	3.851377e+00	3.824605e+00	8.729552e-06	3.398288e-01
6.380737063713942e-01	3.858376e+00	3.831555e+00	8.673213e-06	3.432802e-01
6.390502688713942e-01	3.864849e+00	3.837983e+00	8.616296e-06	3.467191e-01
6.391234375000000e-01	3.865312e+00	3.838443e+00	8.612005e-06	3.469758e-01
6.392697747572117e-01	3.866231e+00	3.839355e+00	8.603393e-06	3.474878e-01
6.395624492716351e-01	3.868032e+00	3.841143e+00	8.586147e-06	3.485103e-01
6.396624492716351e-01	3.868636e+00	3.841743e+00	8.580247e-06	3.488591e-01
6.398624492716350e-01	3.869827e+00	3.842927e+00	8.568431e-06	3.495554e-01
6.399624492716350e-01	3.870415e+00	3.843510e+00	8.562519e-06	3.499032e-01
6.400000000000000e-01	3.870634e+00	3.843728e+00	8.560297e-06	3.500337e-01
6.400248985432700e-01	3.870779e+00	3.843872e+00	8.558824e-06	3.501202e-01
6.400502029134599e-01	3.870926e+00	3.844018e+00	8.557327e-06	3.502080e-01
6.401000000000000e-01	3.871214e+00	3.844303e+00	8.554383e-06	3.503808e-01
6.401049797086540e-01	3.871242e+00	3.844332e+00	8.554085e-06	3.503981e-01
6.401149391259620e-01	3.871300e+00	3.844389e+00	8.553494e-06	3.504327e-01
6.401348579605780e-01	3.871414e+00	3.844503e+00	8.552313e-06	3.505017e-01
6.401489987806459e-01	3.871495e+00	3.844584e+00	8.551476e-06	3.505508e-01
6.401555541020746e-01	3.871533e+00	3.844621e+00	8.551088e-06	3.505735e-01
6.401619060041366e-01	3.871570e+00	3.844657e+00	8.550712e-06	3.505955e-01
6.401841917772857e-01	3.871697e+00	3.844784e+00	8.549392e-06	3.506728e-01
6.402000000000000e-01	3.871788e+00	3.844873e+00	8.548455e-06	3.507276e-01
6.402015808222714e-01	3.871797e+00	3.844882e+00	8.548362e-06	3.507330e-01
6.402047424668142e-01	3.871815e+00	3.844900e+00	8.548174e-06	3.507440e-01
6.403194649973695e-01	3.872466e+00	3.845547e+00	8.541374e-06	3.511413e-01
6.404341875279246e-01	3.873110e+00	3.846187e+00	8.534570e-06	3.515378e-01
6.405489100584798e-01	3.873746e+00	3.846819e+00	8.527763e-06	3.519336e-01
6.406636325890350e-01	3.874375e+00	3.847443e+00	8.520951e-06	3.523287e-01
6.407783551195902e-01	3.874997e+00	3.848060e+00	8.514136e-06	3.527230e-01
6.408930776501454e-01	3.875611e+00	3.848670e+00	8.507317e-06	3.531166e-01
6.410078001807006e-01	3.876217e+00	3.849272e+00	8.500494e-06	3.535095e-01
6.418171811836726e-01	3.880283e+00	3.853310e+00	8.452336e-06	3.562633e-01
6.427937436836726e-01	3.884690e+00	3.857686e+00	8.394198e-06	3.595555e-01
6.431599546211726e-01	3.886200e+00	3.859186e+00	8.372413e-06	3.607714e-01
6.436634946602351e-01	3.888151e+00	3.861123e+00	8.342486e-06	3.624309e-01
6.437040258186824e-01	3.888301e+00	3.861273e+00	8.340080e-06	3.625636e-01
6.437049794929988e-01	3.888305e+00	3.861276e+00	8.340023e-06	3.625667e-01
6.437052179115779e-01	3.888306e+00	1.944152e-06	8.340009e-06	3.625675e-01
6.437056947487361e-01	3.888308e+00	1.944153e-06	8.339981e-06	3.625690e-01
6.439845763666908e-01	3.889318e+00	1.944658e-06	8.323439e-06	3.634770e-01
6.442634579846457e-01	3.890283e+00	1.945140e-06	8.306929e-06	3.643783e-01
6.445423396026004e-01	3.891202e+00	1.945600e-06	8.290450e-06	3.652731e-01
6.448212212205553e-01	3.892076e+00	1.946037e-06	8.274003e-06	3.661612e-01
6.451001028385100e-01	3.892905e+00	1.946451e-06	8.257588e-06	3.670428e-01
6.453789844564649e-01	3.893688e+00	1.946843e-06	8.241204e-06	3.679178e-01
6.456578660744197e-01	3.894426e+00	1.947212e-06	8.224853e-06	3.687862e-01
6.466344285744197e-01	3.896649e+00	1.948324e-06	8.167890e-06	3.717816e-01
6.476109910744197e-01	3.898311e+00	1.949154e-06	8.111521e-06	3.746840e-01
6.485875535744197e-01	3.899409e+00	1.949704e-06	8.055853e-06	3.774853e-01
6.495641160744197e-01	3.899944e+00	1.949971e-06	8.000982e-06	3.801776e-01
6.505406785744197e-01	3.899914e+00	1.949956e-06	7.947000e-06	3.827535e-01
6.515172410744197e-01	3.899318e+00	1.949658e-06	7.893991e-06	3.852056e-01
6.524938035744197e-01	3.898160e+00	1.949079e-06	7.842032e-06	3.875268e-01
6.534703660744197e-01	3.896438e+00	1.948218e-06	7.791192e-06	3.897105e-01
6.544469285744197e-01	3.894154e+00	1.947076e-06	7.741535e-06	3.917501e-01
6.554234910744197e-01	3.891312e+00	1.945655e-06	7.693121e-06	3.936396e-01
6.564000535744197e-01	3.887913e+00	1.943955e-06	7.646001e-06	3.953734e-01
6.573766160744197e-01	3.883960e+00	1.941979e-06	7.600224e-06	3.969460e-01
6.583531785744197e-01	3.879459e+00	1.939728e-06	7.555832e-06	3.983527e-01
6.593297410744197e-01	3.874411e+00	1.937205e-06	7.512863e-06	3.995888e-01
6.603063035744197e-01	3.868823e+00	1.934411e-06	7.471352e-06	4.006504e-01
6.612828660744197e-01	3.862700e+00	1.931349e-06	7.431327e-06	4.015340e-01
6.622594285744197e-01	3.856047e+00	1.928023e-06	7.392816e-06	4.022362e-01
6.632359910744197e-01	3.848871e+00	1.924435e-06	7.355842e-06	4.027546e-01
6.642125535744197e-01	3.841178e+00	1.920588e-06	7.320423e-06	4.030870e-01
6.651891160744197e-01	3.832976e+00	1.916487e-06	7.286577e-06	4.032317e-01
6.661656785744197e-01	3.824272e+00	1.912135e-06	7.254318e-06	4.031875e-01
6.671422410744197e-01	3.815075e+00	1.907537e-06	7.223656e-06	4.029537e-01
6.681188035744197e-01	3.805393e+00	1.902696e-06	7.194601e-06	4.025303e-01
6.690953660744197e-01	3.795236e+00	1.897617e-06	7.167159e-06	4.019175e-01
6.700719285744197e-01	3.784612e+00	1.892305e-06	7.141335e-06	4.011160e-01
6.710484910744197e-01	3.773532e+00	1.886765e-06	7.117131e-06	4.001274e-01
6.720250535744197e-01	3.762007e+00	1.881002e-06	7.094546e-06	3.989533e-01
6.730016160744197e-01	3.750046e+00	1.875022e-06	7.073581e-06	3.975960e-01
6.739781785744197e-01	3.737663e+00	1.868830e-06	7.054232e-06	3.960583e-01
6.749547410744197e-01	3.724867e+00	1.862433e-06	7.036494e-06	3.943433e-01
6.769078660744197e-01	3.698088e+00	1.849043e-06	7.005823e-06	3.903968e-01
6.788609910744197e-01	3.669811e+00	1.834905e-06	6.981496e-06	3.857905e-01
6.817906785744197e-01	3.624820e+00	1.812409e-06	6.956680e-06	3.777347e-01
6.833333135385464e-01	3.600000e+00	1.799999e-06	6.948744e-06	3.730184e-01
6.833333297850503e-01	3.600000e+00	1.799999e-06	6.060879e-01	3.730184e-01
6.833333387982361e-01	3.600000e+00	1.799999e-06	1.544447e+00	3.730184e-01
6.833333475662724e-01	3.600000e+00	1.799999e-06	2.350624e+00	3.730184e-01
6.833333530667911e-01	3.600000e+00	1.799999e-06	2.588940e+00	3.730183e-01
6.833333595972333e-01	3.600000e+00	1.799999e-06	2.791664e+00	3.730183e-01
6.833333726581177e-01	3.599999e+00	1.799999e-06	3.071135e+00	3.730183e-01
6.833333887286124e-01	3.599999e+00	1.799999e-06	3.281212e+00	3.730182e-01
6.833334101600560e-01	3.599999e+00	1.799998e-06	3.424272e+00	3.730181e-01
6.833334351576974e-01	3.599998e+00	1.799998e-06	3.497030e+00	3.730181e-01
6.833334710755127e-01	3.599998e+00	1.799998e-06	3.532413e+00	3.730180e-01
6.833335186196048e-01	3.599997e+00	1.799998e-06	3.544170e+00	3.730178e-01
6.833335954044986e-01	3.599996e+00	1.799997e-06	3.546531e+00	3.730175e-01
6.833337217208142e-01	3.599994e+00	1.799996e-06	3.546649e+00	3.730172e-01
6.833339743534455e-01	3.599990e+00	1.799994e-06	3.546628e+00	3.730164e-01
6.833344796187080e-01	3.599981e+00	1.799990e-06	3.546624e+00	3.730147e-01
6.833354901492329e-01	3.599965e+00	1.799982e-06	3.546606e+00	3.730115e-01
6.833375112102827e-01	3.599932e+00	1.799965e-06	3.546575e+00	3.730051e-01
6.833415533323826e-01	3.599866e+00	1.799932e-06	3.546510e+00	3.729922e-01
6.833496375765821e-01	3.599734e+00	1.799866e-06	3.546382e+00	3.729664e-01
6.833658060649812e-01	3.599470e+00	1.799734e-06	3.546125e+00	3.729149e-01
6.833888228238431e-01	3.599094e+00	1.799546e-06	3.545754e+00	3.728415e-01
6.833922486284517e-01	3.599038e+00	1.799518e-06	3.545701e+00	3.728305e-01
6.833991002376691e-01	3.598926e+00	1.799462e-06	3.545596e+00	3.728087e-01
6.834008131399735e-01	3.598898e+00	1.799448e-06	3.545569e+00	3.728032e-01
6.834012413655496e-01	3.598891e+00	1.799444e-06	3.545562e+00	3.728018e-01
6.834020978167018e-01	3.598877e+00	1.799437e-06	3.545549e+00	3.727991e-01
6.834023119294899e-01	3.598873e+00	1.799436e-06	3.545545e+00	3.727984e-01
6.834027401550660e-01	3.598866e+00	1.799432e-06	3.545538e+00	3.727970e-01
6.834087353131312e-01	3.598768e+00	1.799383e-06	3.545443e+00	3.727779e-01
6.834155869223486e-01	3.598656e+00	1.799327e-06	3.545334e+00	3.727560e-01
6.834292901407835e-01	3.598432e+00	1.799215e-06	3.545116e+00	3.727122e-01
6.834566965776531e-01	3.597984e+00	1.798991e-06	3.544681e+00	3.726245e-01
6.834817524204482e-01	3.597574e+00	1.798786e-06	3.544282e+00	3.725442e-01
6.835035901927904e-01	3.597216e+00	1.798607e-06	3.543934e+00	3.724742e-01
6.835270331477230e-01	3.596833e+00	1.798415e-06	3.543561e+00	3.723990e-01
6.835502022956482e-01	3.596453e+00	1.798226e-06	3.543192e+00	3.723246e-01
6.835742971490346e-01	3.596058e+00	1.798028e-06	3.542808e+00	3.722471e-01
6.835975500565203e-01	3.595677e+00	1.797837e-06	3.542438e+00	3.721723e-01
6.836212877470954e-01	3.595287e+00	1.797643e-06	3.542059e+00	3.720959e-01
6.836445588836554e-01	3.594905e+00	1.797452e-06	3.541688e+00	3.720208e-01
6.836682627490659e-01	3.594516e+00	1.797257e-06	3.541309e+00	3.719443e-01
6.836916336931177e-01	3.594132e+00	1.797065e-06	3.540936e+00	3.718688e-01
6.837152830954246e-01	3.593744e+00	1.796871e-06	3.540558e+00	3.717923e-01
6.837386894422318e-01	3.593359e+00	1.796678e-06	3.540184e+00	3.717166e-01
6.837622967589737e-01	3.592970e+00	1.796484e-06	3.539807e+00	3.716401e-01
6.837857366974073e-01	3.592585e+00	1.796291e-06	3.539432e+00	3.715641e-01
6.838093184747162e-01	3.592197e+00	1.796097e-06	3.539055e+00	3.714876e-01
6.838327811431053e-01	3.591810e+00	1.795904e-06	3.538679e+00	3.714114e-01
6.838563434234418e-01	3.591422e+00	1.795710e-06	3.538302e+00	3.713348e-01
6.839033707622258e-01	3.590647e+00	1.795323e-06	3.537549e+00	3.711816e-01
6.839619376533145e-01	3.589681e+00	1.794840e-06	3.536609e+00	3.709905e-01
6.840205045444031e-01	3.588713e+00	1.794356e-06	3.535669e+00	3.707990e-01
6.840790714354917e-01	3.587745e+00	1.793872e-06	3.534728e+00	3.706070e-01
6.841376383265804e-01	3.586776e+00	1.793387e-06	3.533787e+00	3.704146e-01
6.841962052176690e-01	3.585806e+00	1.792902e-06	3.532844e+00	3.702217e-01
6.842547721087576e-01	3.584835e+00	1.792416e-06	3.531900e+00	3.700284e-01
6.843133389998463e-01	3.583863e+00	1.791930e-06	3.530955e+00	3.698347e-01
6.845272886478065e-01	3.580303e+00	1.790151e-06	3.527497e+00	3.691235e-01
6.845983605590632e-01	3.579118e+00	1.789558e-06	3.526346e+00	3.688860e-01
6.845985698131324e-01	3.579114e+00	1.789556e-06	3.460953e+00	3.688853e-01
6.845986576787014e-01	3.579113e+00	1.789556e-06	3.315752e+00	3.688850e-01
6.845987425898675e-01	3.579112e+00	1.789555e-06	3.068159e+00	3.688847e-01
6.845988139651376e-01	3.579110e+00	1.789554e-06	2.852053e+00	3.688844e-01
6.845988892187044e-01	3.579109e+00	1.789554e-06	2.645018e+00	3.688842e-01
6.845990397258380e-01	3.579107e+00	1.789552e-06	2.286453e+00	3.688837e-01
6.845993407401053e-01	3.579102e+00	1.789550e-06	1.716973e+00	3.688827e-01
6.845998041929225e-01	3.579094e+00	1.789546e-06	1.085922e+00	3.688811e-01
6.846002713104261e-01	3.579086e+00	1.789542e-06	6.668457e-01	3.688796e-01
6.846007147469724e-01	3.579079e+00	1.789538e-06	4.203436e-01	3.688781e-01
6.846011841658410e-01	3.579071e+00	1.789535e-06	2.586428e-01	3.688765e-01
6.846016395448818e-01	3.579063e+00	1.789531e-06	1.609868e-01	3.688750e-01
6.846021077643717e-01	3.579056e+00	1.789527e-06	9.899674e-02	3.688734e-01
6.846025633468150e-01	3.579048e+00	1.789523e-06	6.160140e-02	3.688719e-01
6.846030285661301e-01	3.579040e+00	1.789519e-06	3.800407e-02	3.688703e-01
6.846034858748216e-01	3.579032e+00	1.789515e-06	2.361736e-02	3.688688e-01
6.846039501750323e-01	3.579025e+00	1.789511e-06	1.458349e-02	3.688672e-01
6.846044086950497e-01	3.579017e+00	1.789508e-06	9.053733e-03	3.688657e-01
6.846048720431821e-01	3.579009e+00	1.789504e-06	5.597049e-03	3.688642e-01
6.846053313702331e-01	3.579002e+00	1.789500e-06	3.473885e-03	3.688626e-01
6.846057942070112e-01	3.578994e+00	1.789496e-06	2.150217e-03	3.688611e-01
6.846062543163861e-01	3.578986e+00	1.789492e-06	1.335223e-03	3.688596e-01
6.846067170555972e-01	3.578979e+00	1.789488e-06	8.281492e-04	3.688580e-01
6.846071781217096e-01	3.578971e+00	1.789484e-06	5.154226e-04	3.688565e-01
6.846076414645494e-01	3.578963e+00	1.789481e-06	3.211240e-04	3.688549e-01
6.846081042962968e-01	3.578955e+00	1.789477e-06	2.011533e-04	3.688534e-01
6.846085698252377e-01	3.578948e+00	1.789473e-06	1.266902e-04	3.688518e-01
6.846090367234259e-01	3.578940e+00	1.789469e-06	8.067712e-05	3.688502e-01
6.846095083278798e-01	3.578932e+00	1.789465e-06	5.214209e-05	3.688487e-01
6.846099853302058e-01	3.578924e+00	1.789461e-06	3.450611e-05	3.688470e-01
6.846104727363861e-01	3.578916e+00	1.789457e-06	2.358508e-05	3.688454e-01
6.846109749996698e-01	3.578907e+00	1.789453e-06	1.684874e-05	3.688437e-01
6.846115018397354e-01	3.578899e+00	1.789448e-06	1.270200e-05	3.688420e-01
6.846120653546728e-01	3.578889e+00	1.789444e-06	1.017555e-05	3.688401e-01
6.846126857957193e-01	3.578879e+00	1.789439e-06	8.661542e-06	3.688380e-01
6.846133909208127e-01	3.578867e+00	1.789433e-06	7.786081e-06	3.688357e-01
6.846142246727501e-01	3.578853e+00	1.789426e-06	7.309654e-06	3.688329e-01
6.846152540967342e-01	3.578836e+00	1.789417e-06	7.076347e-06	3.688294e-01
6.846165962722848e-01	3.578814e+00	1.789406e-06	6.980174e-06	3.688249e-01
6.846184711602966e-01	3.578782e+00	1.789390e-06	6.950588e-06	3.688186e-01
6.846213714567986e-01	3.578734e+00	1.789366e-06	6.945357e-06	3.688089e-01
6.846266559290964e-01	3.578646e+00	1.789322e-06	6.945244e-06	3.687912e-01
6.846372248736922e-01	3.578469e+00	1.789234e-06	6.945241e-06	3.687558e-01
6.846583627628836e-01	3.578116e+00	1.789057e-06	6.945202e-06	3.686849e-01
6.846935120534493e-01	3.577529e+00	1.788764e-06	6.945146e-06	3.685669e-01
6.847303174904268e-01	3.576914e+00	1.788456e-06	6.945088e-06	3.684432e-01
6.847790102397815e-01	3.576099e+00	1.788049e-06	6.945015e-06	3.682793e-01
6.848352890794521e-01	3.575157e+00	1.787578e-06	6.944934e-06	3.680895e-01
6.849195890869257e-01	3.573744e+00	1.786871e-06	6.944825e-06	3.678043e-01
6.850336063097586e-01	3.571830e+00	1.785914e-06	6.944696e-06	3.674171e-01
6.852388356960144e-01	3.568375e+00	1.784187e-06	6.944525e-06	3.667153e-01
6.856290912787956e-01	3.561776e+00	1.780887e-06	6.944417e-06	3.653638e-01
6.864096024443578e-01	3.548461e+00	1.774229e-06	6.944880e-06	3.626096e-01
6.873861649443578e-01	3.531591e+00	1.765795e-06	6.946571e-06	3.590821e-01
6.883627274443578e-01	3.514503e+00	1.757251e-06	6.949560e-06	3.554640e-01
6.893392899443578e-01	3.497214e+00	1.748606e-06	6.953876e-06	3.517580e-01
6.902931134336989e-01	3.480148e+00	1.740073e-06	6.959353e-06	3.480603e-01
6.912696759336989e-01	3.462507e+00	1.731253e-06	6.966215e-06	3.442025e-01
6.922462384336989e-01	3.444714e+00	1.722356e-06	6.974289e-06	3.402808e-01
6.932228009336989e-01	3.426784e+00	1.713391e-06	6.983537e-06	3.363030e-01
6.941993634336989e-01	3.408735e+00	1.704367e-06	6.993913e-06	3.322772e-01
6.951759259336989e-01	3.390584e+00	1.695291e-06	7.005364e-06	3.282118e-01
6.961524884336989e-01	3.372347e+00	1.686173e-06	7.017835e-06	3.241149e-01
6.971290509336989e-01	3.354043e+00	1.677021e-06	7.031267e-06	3.199946e-01
6.981056134336989e-01	3.335687e+00	1.667843e-06	7.045597e-06	3.158592e-01
6.990821759336989e-01	3.317298e+00	1.658648e-06	7.060587e-06	3.117163e-01
6.996000000000000e-01	3.307540e+00	1.653769e-06	7.068932e-06	3.095186e-01
6.998000000000000e-01	3.303770e+00	1.651884e-06	7.072214e-06	3.086700e-01
6.999000000000000e-01	3.301885e+00	1.650942e-06	7.073867e-06	3.082458e-01
7.000000000000000e-01	3.300000e+00	1.649999e-06	7.075517e-06	3.078217e-01
7.000004403495935e-01	3.299992e+00	1.649995e-06	7.075527e-06	3.078198e-01
7.000013210487805e-01	3.299975e+00	1.649987e-06	7.075545e-06	3.078161e-01
7.000030824471547e-01	3.299942e+00	1.649970e-06	7.075576e-06	3.078086e-01
7.000061751276476e-01	3.299884e+00	1.649941e-06	7.075629e-06	3.077955e-01
7.000123604886335e-01	3.299767e+00	1.649883e-06	7.075732e-06	3.077693e-01
7.000247312106050e-01	3.299534e+00	1.649766e-06	7.075938e-06	3.077168e-01
7.000494726545483e-01	3.299067e+00	1.649533e-06	7.076350e-06	3.076119e-01
7.000556580155342e-01	3.298951e+00	1.649475e-06	7.076454e-06	3.075857e-01
7.000680287375057e-01	3.298718e+00	1.649358e-06	7.076660e-06	3.075333e-01
7.000711214179987e-01	3.298659e+00	1.649329e-06	7.076711e-06	3.075202e-01
7.000773067789845e-01	3.298543e+00	1.649271e-06	7.076815e-06	3.074939e-01
7.000788531192309e-01	3.298514e+00	1.649256e-06	7.076841e-06	3.074874e-01
7.000819457997238e-01	3.298455e+00	1.649227e-06	7.076892e-06	3.074743e-01
7.000824515338552e-01	3.298446e+00	1.649222e-06	7.076901e-06	3.074721e-01
7.000834630021180e-01	3.298427e+00	1.649213e-06	7.076918e-06	3.074678e-01
7.000836888796548e-01	3.298423e+00	1.649210e-06	7.076922e-06	3.074669e-01
7.000841406347282e-01	3.298414e+00	1.649206e-06	7.076929e-06	3.074650e-01
7.000850441448753e-01	3.298397e+00	3.275469e+00	7.076944e-06	3.074611e-01
7.000858982405095e-01	3.298381e+00	3.275453e+00	7.076958e-06	3.074575e-01
7.000870992021148e-01	3.298358e+00	3.275430e+00	7.076978e-06	3.074524e-01
7.000880988239634e-01	3.298339e+00	3.275411e+00	7.076995e-06	3.074482e-01
7.000884107731403e-01	3.298333e+00	3.275406e+00	7.077000e-06	3.074468e-01
7.000887096656492e-01	3.298328e+00	3.275400e+00	7.077005e-06	3.074456e-01
7.000889206442882e-01	3.298324e+00	3.275396e+00	7.077009e-06	3.074447e-01
7.000891129302567e-01	3.298320e+00	3.275393e+00	7.077012e-06	3.074439e-01
7.000893315245907e-01	3.298316e+00	3.275388e+00	7.077016e-06	3.074429e-01
7.000895639269792e-01	3.298312e+00	3.275384e+00	7.077020e-06	3.074419e-01
7.000898637637586e-01	3.298306e+00	3.275378e+00	7.077025e-06	3.074407e-01
7.000902692624151e-01	3.298298e+00	3.275371e+00	7.077032e-06	3.074390e-01
7.000908546930926e-01	3.298287e+00	3.275360e+00	7.077041e-06	3.074365e-01
7.000918224717229e-01	3.298269e+00	3.275342e+00	7.077057e-06	3.074324e-01
7.000936232096834e-01	3.298235e+00	3.275308e+00	7.077088e-06	3.074248e-01
7.000963985240788e-01	3.298183e+00	3.275256e+00	7.077134e-06	3.074130e-01
7.000999999999999e-01	3.298115e+00	3.275189e+00	7.077194e-06	3.073977e-01
7.001003601475920e-01	3.298108e+00	3.275182e+00	7.077200e-06	3.073962e-01
7.001010804427763e-01	3.298095e+00	3.275168e+00	7.077212e-06	3.073931e-01
7.001017976025403e-01	3.298081e+00	3.275155e+00	7.077224e-06	3.073901e-01
7.001025894775020e-01	3.298066e+00	3.275140e+00	7.077237e-06	3.073867e-01
7.001041732274255e-01	3.298036e+00	3.275110e+00	7.077264e-06	3.073800e-01
7.001070355329860e-01	3.297982e+00	3.275057e+00	7.077312e-06	3.073679e-01
7.001115773454619e-01	3.297897e+00	3.274972e+00	7.077388e-06	3.073486e-01
7.001206609704138e-01	3.297726e+00	3.274802e+00	7.077540e-06	3.073101e-01
7.001388282203175e-01	3.297383e+00	3.274462e+00	7.077844e-06	3.072331e-01
7.001751627201248e-01	3.296698e+00	3.273782e+00	7.078453e-06	3.070791e-01
7.002478317197395e-01	3.295329e+00	3.272422e+00	7.079675e-06	3.067711e-01
7.003931697189688e-01	3.292589e+00	3.269701e+00	7.082132e-06	3.061553e-01
7.006838457174275e-01	3.287111e+00	3.264261e+00	7.087099e-06	3.049249e-01
7.012651977143449e-01	3.276158e+00	3.253384e+00	7.097143e-06	3.024665e-01
7.013872680268449e-01	3.273859e+00	3.251101e+00	7.099276e-06	3.019510e-01
7.016314086518449e-01	3.269262e+00	3.246536e+00	7.103578e-06	3.009211e-01
7.016736598300414e-01	3.268467e+00	3.245746e+00	7.104326e-06	3.007430e-01
7.017159110082379e-01	3.267671e+00	3.244957e+00	7.105076e-06	3.005649e-01
7.017581621864344e-01	3.266876e+00	3.244167e+00	7.105826e-06	3.003869e-01
7.018004133646309e-01	3.266081e+00	3.243377e+00	7.106577e-06	3.002089e-01
7.018426645428274e-01	3.265286e+00	3.242588e+00	7.107330e-06	3.000309e-01
7.018849157210240e-01	3.264491e+00	3.241798e+00	7.108083e-06	2.998530e-01
7.019271668992204e-01	3.263696e+00	3.241009e+00	7.108838e-06	2.996752e-01
7.019276437363786e-01	3.263687e+00	3.241000e+00	1.031742e+00	2.996732e-01
7.019278168574183e-01	3.263684e+00	3.240997e+00	2.432053e+00	2.996725e-01
7.019279278929241e-01	3.263682e+00	3.240995e+00	3.187934e+00	2.996720e-01
7.019280231483370e-01	3.263680e+00	3.240993e+00	3.226008e+00	2.996716e-01
7.019280771829686e-01	3.263679e+00	3.240992e+00	3.209920e+00	2.996714e-01
7.019281392911930e-01	3.263678e+00	3.240991e+00	3.220982e+00	2.996711e-01
7.019282089609011e-01	3.263676e+00	3.240989e+00	3.220624e+00	2.996708e-01
7.019283108549631e-01	3.263674e+00	3.240988e+00	3.220775e+00	2.996704e-01
7.019284790432633e-01	3.263671e+00	3.240984e+00	3.220716e+00	2.996697e-01
7.019287818076851e-01	3.263666e+00	3.240979e+00	3.220734e+00	2.996684e-01
7.019293873365290e-01	3.263654e+00	3.240967e+00	3.220712e+00	2.996658e-01
7.019305983942166e-01	3.263631e+00	3.240945e+00	3.220695e+00	2.996607e-01
7.019325377555450e-01	3.263595e+00	3.240909e+00	3.220657e+00	2.996526e-01
7.019364164782017e-01	3.263522e+00	3.240836e+00	3.220588e+00	2.996363e-01
7.019441739235152e-01	3.263376e+00	3.240691e+00	3.220446e+00	2.996036e-01
7.019596888141422e-01	3.263084e+00	3.240401e+00	3.220164e+00	2.995383e-01
7.019907185953962e-01	3.262500e+00	3.239821e+00	3.219598e+00	2.994078e-01
7.020527781579041e-01	3.261333e+00	3.238662e+00	3.218468e+00	2.991468e-01
7.021768972829200e-01	3.258998e+00	3.236344e+00	3.216208e+00	2.986251e-01
7.024251355329517e-01	3.254332e+00	3.231709e+00	3.211690e+00	2.975835e-01
7.029216120330152e-01	3.245006e+00	3.222449e+00	3.202666e+00	2.955073e-01
7.038981745330152e-01	3.226705e+00	3.204275e+00	3.184952e+00	2.914467e-01
7.048747370330152e-01	3.208472e+00	3.186169e+00	3.167296e+00	2.874204e-01
7.058512995330152e-01	3.190326e+00	3.168149e+00	3.149721e+00	2.834390e-01
7.068278620330152e-01	3.172282e+00	3.150231e+00	3.132241e+00	2.795093e-01
7.078044245330152e-01	3.154360e+00	3.132432e+00	3.114873e+00	2.756379e-01
7.087809870330152e-01	3.136574e+00	3.114770e+00	3.097633e+00	2.718309e-01
7.097575495330152e-01	3.118942e+00	3.097261e+00	3.080537e+00	2.680947e-01
7.107341120330152e-01	3.101480e+00	3.079920e+00	3.063601e+00	2.644349e-01
7.117106745330152e-01	3.084205e+00	3.062766e+00	3.046839e+00	2.608573e-01
7.126872370330152e-01	3.067133e+00	3.045813e+00	3.030268e+00	2.573670e-01
7.136637995330152e-01	3.050281e+00	3.029077e+00	3.013904e+00	2.539691e-01
7.146403620330152e-01	3.033663e+00	3.012575e+00	2.997761e+00	2.506685e-01
7.156169245330152e-01	3.017296e+00	2.996322e+00	2.981853e+00	2.474696e-01
7.165934870330152e-01	3.001195e+00	2.980333e+00	2.966195e+00	2.443497e-01
7.166087458220777e-01	3.000946e+00	2.980085e+00	2.965931e+00	2.443018e-01
7.166392634002027e-01	3.000448e+00	2.979590e+00	2.965403e+00	2.442069e-01
7.166468927947339e-01	3.000323e+00	2.979466e+00	2.965282e+00	2.441832e-01
7.166621515837964e-01	3.000074e+00	2.979219e+00	2.965039e+00	2.441358e-01
7.166662732449947e-01	3.000006e+00	2.979152e+00	2.964974e+00	2.441230e-01
7.166666240609177e-01	3.000001e+00	2.979147e+00	2.865765e+00	2.441219e-01
7.166669989494484e-01	2.999995e+00	2.979141e+00	2.490272e+00	2.441208e-01
7.166673445327215e-01	2.999989e+00	2.979135e+00	1.956718e+00	2.441197e-01
7.166675838091955e-01	2.999985e+00	2.979131e+00	1.609158e+00	2.441190e-01
7.166679098845885e-01	2.999980e+00	2.979126e+00	1.258238e+00	2.441179e-01
7.166685620353745e-01	2.999969e+00	2.979115e+00	7.620205e-01	2.441159e-01
7.166691775638646e-01	2.999959e+00	2.979105e+00	4.538213e-01	2.441140e-01
7.166697220194707e-01	2.999950e+00	2.979096e+00	2.887510e-01	2.441123e-01
7.166703076564754e-01	2.999941e+00	2.979087e+00	1.790828e-01	2.441105e-01
7.166708807685552e-01	2.999931e+00	2.979078e+00	1.118335e-01	2.441087e-01
7.166714775727258e-01	2.999922e+00	2.979068e+00	6.851024e-02	2.441069e-01
7.166720527506331e-01	2.999912e+00	2.979059e+00	4.262985e-02	2.441051e-01
7.166726417001090e-01	2.999902e+00	2.979049e+00	2.627901e-02	2.441033e-01
7.166732180551476e-01	2.999893e+00	2.979040e+00	1.635266e-02	2.441015e-01
7.166738058769683e-01	2.999883e+00	2.979030e+00	1.009196e-02	2.440996e-01
7.166743847096841e-01	2.999874e+00	2.979021e+00	6.269354e-03	2.440978e-01
7.166749711467626e-01	2.999864e+00	2.979011e+00	3.874347e-03	2.440960e-01
7.166755511696000e-01	2.999855e+00	2.979002e+00	2.406517e-03	2.440942e-01
7.166761367758540e-01	2.999846e+00	2.978992e+00	1.489855e-03	2.440924e-01
7.166767181256811e-01	2.999836e+00	2.978983e+00	9.262469e-04	2.440906e-01
7.166773037305534e-01	2.999826e+00	2.978974e+00	5.751497e-04	2.440888e-01
7.166778868073407e-01	2.999817e+00	2.978964e+00	3.588393e-04	2.440870e-01
7.166784736980948e-01	2.999807e+00	2.978955e+00	2.243308e-04	2.440852e-01
7.166790600995796e-01	2.999798e+00	2.978945e+00	1.413386e-04	2.440833e-01
7.166796513097928e-01	2.999788e+00	2.978935e+00	8.979746e-05	2.440815e-01
7.166802455092851e-01	2.999778e+00	2.978926e+00	5.796794e-05	2.440797e-01
7.166808484998758e-01	2.999768e+00	2.978916e+00	3.822480e-05	2.440778e-01
7.166814620628735e-01	2.999758e+00	2.978906e+00	2.603441e-05	2.440759e-01
7.166820952747098e-01	2.999748e+00	2.978896e+00	1.849392e-05	2.440739e-01
7.166827566443719e-01	2.999738e+00	2.978885e+00	1.385969e-05	2.440719e-01
7.166834637860654e-01	2.999726e+00	2.978874e+00	1.102743e-05	2.440697e-01
7.166842385542009e-01	2.999713e+00	2.978861e+00	9.328764e-06	2.440673e-01
7.166851172862895e-01	2.999699e+00	2.978847e+00	8.340617e-06	2.440646e-01
7.166861504813552e-01	2.999682e+00	2.978830e+00	7.799221e-06	2.440614e-01
7.166874215880883e-01	2.999661e+00	2.978810e+00	7.530268e-06	2.440574e-01
7.166890668689114e-01	2.999635e+00	2.978783e+00	7.417042e-06	2.440523e-01
7.166913487636096e-01	2.999597e+00	2.978746e+00	7.380861e-06	2.440452e-01
7.166948310125396e-01	2.999540e+00	2.978689e+00	7.373979e-06	2.440344e-01
7.167010474462309e-01	2.999439e+00	2.978589e+00	7.373808e-06	2.440152e-01
7.167134803136133e-01	2.999236e+00	2.978387e+00	7.374008e-06	2.439766e-01
7.167383460483782e-01	2.998831e+00	2.977985e+00	7.374333e-06	2.438996e-01
7.167880775179080e-01	2.998020e+00	2.977180e+00	7.375001e-06	2.437460e-01
7.168875404569676e-01	2.996402e+00	2.975573e+00	7.376317e-06	2.434396e-01
7.170864663350868e-01	2.993173e+00	2.972367e+00	7.378903e-06	2.428313e-01
7.174843180913251e-01	2.986753e+00	2.965991e+00	7.383874e-06	2.416323e-01
7.182800216038017e-01	2.974060e+00	2.953386e+00	7.393147e-06	2.392910e-01
7.212097091038017e-01	2.929140e+00	2.908779e+00	7.419262e-06	2.313041e-01
7.241393966038017e-01	2.887360e+00	2.867289e+00	7.429756e-06	2.244359e-01
7.270690841038017e-01	2.849073e+00	2.829268e+00	7.422040e-06	2.187512e-01
7.286036823180874e-01	2.830431e+00	2.810756e+00	7.409943e-06	2.162583e-01
7.301382805323731e-01	2.812974e+00	2.793420e+00	7.392296e-06	2.141078e-01
7.316728787466588e-01	2.796701e+00	2.777260e+00	7.369098e-06	2.122995e-01
7.332074769609446e-01	2.781612e+00	2.762276e+00	7.340349e-06	2.108337e-01
7.347420751752303e-01	2.767708e+00	2.748469e+00	7.306050e-06	2.097101e-01
7.362766733895160e-01	2.754989e+00	2.735838e+00	7.266201e-06	2.089289e-01
7.378112716038017e-01	2.743454e+00	2.724383e+00	7.220800e-06	2.084901e-01
7.387878341038017e-01	2.736839e+00	2.717814e+00	7.189924e-06	2.083639e-01
7.391234375000000e-01	2.734688e+00	2.715678e+00	7.178884e-06	2.083516e-01
7.394287932076034e-01	2.732785e+00	2.713789e+00	7.168594e-06	2.083586e-01
7.394892885847932e-01	2.732414e+00	2.713420e+00	7.166532e-06	2.083618e-01
7.396102793391730e-01	2.731679e+00	2.712690e+00	7.162367e-06	2.083713e-01
7.398522608479325e-01	2.730233e+00	2.711254e+00	7.153981e-06	2.083946e-01
7.399522608479325e-01	2.729645e+00	2.710670e+00	7.150493e-06	2.084060e-01
7.400000000000000e-01	2.729366e+00	2.710393e+00	7.148812e-06	2.084122e-01
7.400045216958651e-01	2.729340e+00	2.710367e+00	7.148656e-06	2.084128e-01
7.400135650875952e-01	2.729287e+00	2.710315e+00	7.148343e-06	2.084140e-01
7.400316518710555e-01	2.729182e+00	2.710211e+00	7.147705e-06	2.084165e-01
7.400638264330794e-01	2.728996e+00	2.710025e+00	7.146572e-06	2.084211e-01
7.401000000000000e-01	2.728786e+00	2.709818e+00	7.145297e-06	2.084264e-01
7.401008696501423e-01	2.728781e+00	2.709813e+00	7.145266e-06	2.084265e-01
7.401026089504269e-01	2.728771e+00	2.709803e+00	7.145204e-06	2.084268e-01
7.401060875509962e-01	2.728751e+00	2.709783e+00	7.145080e-06	2.084273e-01
7.401096926233793e-01	2.728730e+00	2.709762e+00	7.144953e-06	2.084278e-01
7.401124459032138e-01	2.728715e+00	2.709746e+00	7.144856e-06	2.084283e-01
7.401141193638836e-01	2.728705e+00	2.709737e+00	7.144797e-06	2.084285e-01
7.401150279079767e-01	2.728700e+00	2.709732e+00	7.144764e-06	2.084287e-01
7.401155428966560e-01	2.728697e+00	2.709729e+00	7.144746e-06	2.084287e-01
7.401160280113736e-01	2.728694e+00	2.709726e+00	7.144729e-06	2.084288e-01
7.401165575771926e-01	2.728691e+00	2.709723e+00	7.144710e-06	2.084289e-01
7.401175201330427e-01	2.728685e+00	2.709718e+00	7.144677e-06	2.084290e-01
7.401185096544893e-01	2.728680e+00	2.709712e+00	7.144642e-06	2.084292e-01
7.401194190329066e-01	2.728674e+00	2.709707e+00	7.144609e-06	2.084293e-01
7.401204155247362e-01	2.728669e+00	2.709701e+00	7.144574e-06	2.084295e-01
7.401213639185255e-01	2.728663e+00	1.364331e-06	7.144541e-06	2.084296e-01
7.401228993428052e-01	2.728654e+00	1.364327e-06	7.144486e-06	2.084298e-01
7.401241638076093e-01	2.728647e+00	1.364323e-06	7.144441e-06	2.084300e-01
7.401257138416799e-01	2.728638e+00	1.364318e-06	7.144386e-06	2.084303e-01
7.401272720107454e-01	2.728629e+00	1.364314e-06	7.144331e-06	2.084305e-01
7.401302963032764e-01	2.728612e+00	1.364305e-06	7.144225e-06	2.084310e-01
7.401348289745306e-01	2.728586e+00	1.364292e-06	7.144064e-06	2.084317e-01
7.401438943170391e-01	2.728534e+00	1.364266e-06	7.143743e-06	2.084331e-01
7.401614837182000e-01	2.728433e+00	1.364216e-06	7.143120e-06	2.084358e-01
7.401714961566344e-01	2.728375e+00	1.364187e-06	7.142766e-06	2.084374e-01
7.401848460745468e-01	2.728299e+00	1.364149e-06	7.142292e-06	2.084396e-01
7.402000000000000e-01	2.728212e+00	1.364106e-06	7.141754e-06	2.084420e-01
7.402000778768174e-01	2.728212e+00	1.364105e-06	7.141752e-06	2.084420e-01
7.402002336304524e-01	2.728211e+00	1.364105e-06	7.141746e-06	2.084421e-01
7.402002868291350e-01	2.728211e+00	1.364105e-06	7.141744e-06	2.084421e-01
7.402003313769779e-01	2.728210e+00	1.364105e-06	7.141743e-06	2.084421e-01
7.402003638628216e-01	2.728210e+00	1.364104e-06	7.141742e-06	2.084421e-01
7.402003989236342e-01	2.728210e+00	1.364104e-06	7.141740e-06	2.084421e-01
7.402004367561345e-01	2.728210e+00	1.364104e-06	7.141739e-06	2.084421e-01
7.402004880888527e-01	2.728209e+00	1.364104e-06	7.141737e-06	2.084421e-01
7.402005743338121e-01	2.728209e+00	1.364104e-06	7.141734e-06	2.084421e-01
7.402007280907680e-01	2.728208e+00	1.364103e-06	7.141728e-06	2.084421e-01
7.402010245847176e-01	2.728207e+00	1.364103e-06	7.141718e-06	2.084422e-01
7.402016175726167e-01	2.728203e+00	1.364101e-06	7.141697e-06	2.084423e-01
7.402022096990454e-01	2.728200e+00	1.364099e-06	7.141676e-06	2.084424e-01
7.402032333920231e-01	2.728194e+00	1.364096e-06	7.141640e-06	2.084426e-01
7.402043225910393e-01	2.728188e+00	1.364093e-06	7.141601e-06	2.084427e-01
7.414657150424058e-01	2.721419e+00	1.360709e-06	7.094557e-06	2.087840e-01
7.427271074937722e-01	2.715578e+00	1.357788e-06	7.045837e-06	2.093337e-01
7.439884999451387e-01	2.710664e+00	1.355331e-06	6.995443e-06	2.100919e-01
7.452498923965052e-01	2.706676e+00	1.353337e-06	6.943373e-06	2.110585e-01
7.465112848478717e-01	2.703616e+00	1.351807e-06	6.889627e-06	2.122335e-01
7.477726772992381e-01	2.701482e+00	1.350741e-06	6.834207e-06	2.136170e-01
7.490340697506046e-01	2.700276e+00	1.350137e-06	6.777111e-06	2.152090e-01
7.504291590363189e-01	2.700067e+00	1.350033e-06	6.713170e-06	2.172125e-01
7.518242483220332e-01	2.701000e+00	1.350499e-06	6.650024e-06	2.194273e-01
7.532193376077475e-01	2.703074e+00	1.351536e-06	6.587672e-06	2.218533e-01
7.546144268934617e-01	2.706289e+00	1.353144e-06	6.526116e-06	2.244906e-01
7.560095161791760e-01	2.710645e+00	1.355322e-06	6.465354e-06	2.273392e-01
7.574046054648903e-01	2.716143e+00	1.358071e-06	6.405388e-06	2.303990e-01
7.587996947506046e-01	2.722782e+00	1.361390e-06	6.346217e-06	2.336700e-01
7.611713465363189e-01	2.736872e+00	1.368435e-06	6.249929e-06	2.397601e-01
7.635429983220332e-01	2.753805e+00	1.376902e-06	6.163386e-06	2.461464e-01
7.659146501077475e-01	2.773581e+00	1.386790e-06	6.086589e-06	2.528288e-01
7.682863018934617e-01	2.796201e+00	1.398100e-06	6.019536e-06	2.598073e-01
7.706579536791760e-01	2.821663e+00	1.410831e-06	5.962228e-06	2.670821e-01
7.730296054648903e-01	2.849969e+00	1.424984e-06	5.914666e-06	2.746529e-01
7.754012572506046e-01	2.881118e+00	1.440558e-06	5.876848e-06	2.825200e-01
7.765343994495225e-01	2.896726e+00	1.448362e-06	5.863821e-06	2.862341e-01
7.776675416484405e-01	2.912792e+00	1.456395e-06	5.853533e-06	2.899260e-01
7.788006838473585e-01	2.929316e+00	1.464657e-06	5.845984e-06	2.935956e-01
7.799338260462764e-01	2.946299e+00	1.473149e-06	5.841174e-06	2.972430e-01
7.810669682451943e-01	2.963741e+00	1.481870e-06	5.839104e-06	3.008682e-01
7.822001104441123e-01	2.981640e+00	1.490819e-06	5.839772e-06	3.044711e-01
7.833332526430302e-01	2.999999e+00	1.499999e-06	5.843180e-06	3.080518e-01
7.833333176290438e-01	3.000000e+00	1.499999e-06	6.432382e-01	3.080520e-01
7.833333536817858e-01	3.000000e+00	1.499999e-06	1.743389e+00	3.080522e-01
7.833333829119513e-01	3.000001e+00	1.500000e-06	2.602203e+00	3.080522e-01
7.833334005190746e-01	3.000001e+00	1.500000e-06	2.803969e+00	3.080523e-01
7.833334203105630e-01	3.000001e+00	1.500000e-06	2.883416e+00	3.080524e-01
7.833334411628086e-01	3.000002e+00	1.500000e-06	2.920747e+00	3.080524e-01
7.833334828672996e-01	3.000002e+00	1.500001e-06	2.946422e+00	3.080526e-01
7.833335366730795e-01	3.000003e+00	1.500001e-06	2.954844e+00	3.080527e-01
7.833336260816902e-01	3.000005e+00	1.500002e-06	2.955933e+00	3.080530e-01
7.833337630847980e-01	3.000007e+00	1.500003e-06	2.955934e+00	3.080534e-01
7.833340370910135e-01	3.000011e+00	1.500005e-06	2.955939e+00	3.080543e-01
7.833345851034446e-01	3.000021e+00	1.500009e-06	2.955947e+00	3.080560e-01
7.833356811283066e-01	3.000038e+00	1.500018e-06	2.955965e+00	3.080594e-01
7.833378731780309e-01	3.000074e+00	1.500036e-06	2.956000e+00	3.080662e-01
7.833422572774794e-01	3.000146e+00	1.500072e-06	2.956069e+00	3.080799e-01
7.833510254763765e-01	3.000289e+00	1.500144e-06	2.956209e+00	3.081072e-01
7.833685618741705e-01	3.000575e+00	1.500287e-06	2.956487e+00	3.081618e-01
7.833724794628153e-01	3.000639e+00	1.500319e-06	2.956549e+00	3.081740e-01
7.833803146401049e-01	3.000767e+00	1.500383e-06	2.956674e+00	3.081983e-01
7.833871704202334e-01	3.000879e+00	1.500439e-06	2.956783e+00	3.082197e-01
7.833891292145558e-01	3.000911e+00	1.500455e-06	2.956814e+00	3.082258e-01
7.833930468032007e-01	3.000975e+00	1.500487e-06	2.956877e+00	3.082380e-01
7.833940262003619e-01	3.000991e+00	1.500495e-06	2.956892e+00	3.082410e-01
7.833959849946843e-01	3.001023e+00	1.500511e-06	2.956923e+00	3.082471e-01
7.833999025833291e-01	3.001087e+00	1.500543e-06	2.956985e+00	3.082593e-01
7.834077377606188e-01	3.001215e+00	1.500607e-06	2.957110e+00	3.082837e-01
7.834234081151982e-01	3.001472e+00	1.500735e-06	2.957359e+00	3.083324e-01
7.834468003999989e-01	3.001854e+00	1.500926e-06	2.957731e+00	3.084052e-01
7.834704802188192e-01	3.002242e+00	1.501120e-06	2.958108e+00	3.084788e-01
7.834931587700330e-01	3.002613e+00	1.501306e-06	2.958470e+00	3.085493e-01
7.835171296699222e-01	3.003005e+00	1.501502e-06	2.958852e+00	3.086237e-01
7.835403790482915e-01	3.003386e+00	1.501692e-06	2.959222e+00	3.086959e-01
7.835642359341735e-01	3.003777e+00	1.501888e-06	2.959603e+00	3.087700e-01
7.835874793316430e-01	3.004158e+00	1.502078e-06	2.959974e+00	3.088421e-01
7.836111994682776e-01	3.004547e+00	1.502273e-06	2.960352e+00	3.089157e-01
7.836345343730893e-01	3.004930e+00	1.502464e-06	2.960725e+00	3.089881e-01
7.836582085258464e-01	3.005319e+00	1.502659e-06	2.961103e+00	3.090615e-01
7.836815986761283e-01	3.005703e+00	1.502851e-06	2.961477e+00	3.091339e-01
7.837052229242432e-01	3.006091e+00	1.503045e-06	2.961854e+00	3.092071e-01
7.837286486411391e-01	3.006476e+00	1.503237e-06	2.962229e+00	3.092797e-01
7.837522414991763e-01	3.006864e+00	1.503431e-06	2.962607e+00	3.093528e-01
7.837756946173839e-01	3.007250e+00	1.503624e-06	2.962982e+00	3.094253e-01
7.837992651151077e-01	3.007638e+00	1.503818e-06	2.963360e+00	3.094983e-01
7.838227368417657e-01	3.008024e+00	1.504011e-06	2.963736e+00	3.095708e-01
7.838462913977492e-01	3.008412e+00	1.504205e-06	2.964113e+00	3.096437e-01
7.838933198199215e-01	3.009187e+00	1.504593e-06	2.964868e+00	3.097890e-01
7.839349865457367e-01	3.009874e+00	1.504936e-06	2.965537e+00	3.099176e-01
7.839766532715520e-01	3.010562e+00	1.505280e-06	2.966206e+00	3.100462e-01
7.840183199973672e-01	3.011250e+00	1.505624e-06	2.966876e+00	3.101747e-01
7.840599867231824e-01	3.011939e+00	1.505969e-06	2.967547e+00	3.103032e-01
7.841016534489976e-01	3.012628e+00	1.506313e-06	2.968218e+00	3.104315e-01
7.841433201748129e-01	3.013318e+00	1.506658e-06	2.968889e+00	3.105597e-01
7.841849869006281e-01	3.014008e+00	1.507003e-06	2.969561e+00	3.106879e-01
7.841854282217221e-01	3.014016e+00	1.507007e-06	2.838961e+00	3.106893e-01
7.841857636065356e-01	3.014021e+00	1.507010e-06	2.442232e+00	3.106903e-01
7.841860714542233e-01	3.014026e+00	1.507012e-06	1.860253e+00	3.106912e-01
7.841862728410623e-01	3.014030e+00	1.507014e-06	1.508613e+00	3.106919e-01
7.841865455893303e-01	3.014034e+00	1.507016e-06	1.159646e+00	3.106927e-01
7.841870181781003e-01	3.014042e+00	1.507020e-06	7.324364e-01	3.106942e-01
7.841875256593838e-01	3.014050e+00	1.507024e-06	4.327861e-01	3.106957e-01
7.841880106372218e-01	3.014058e+00	1.507028e-06	2.591047e-01	3.106972e-01
7.841884579026488e-01	3.014066e+00	1.507032e-06	1.620347e-01	3.106986e-01
7.841889147878426e-01	3.014073e+00	1.507036e-06	1.009319e-01	3.107000e-01
7.841893719336036e-01	3.014081e+00	1.507040e-06	6.281570e-02	3.107014e-01
7.841898380239368e-01	3.014089e+00	1.507044e-06	3.871335e-02	3.107028e-01
7.841902974528628e-01	3.014096e+00	1.507047e-06	2.399655e-02	3.107042e-01
7.841907601919760e-01	3.014104e+00	1.507051e-06	1.483504e-02	3.107057e-01
7.841912191322914e-01	3.014112e+00	1.507055e-06	9.206049e-03	3.107071e-01
7.841916815801848e-01	3.014119e+00	1.507059e-06	5.695377e-03	3.107085e-01
7.841921415361051e-01	3.014127e+00	1.507063e-06	3.532115e-03	3.107099e-01
7.841926037472516e-01	3.014134e+00	1.507066e-06	2.186808e-03	3.107113e-01
7.841930641430406e-01	3.014142e+00	1.507070e-06	1.357000e-03	3.107128e-01
7.841935262899336e-01	3.014150e+00	1.507074e-06	8.415764e-04	3.107142e-01
7.841939874178826e-01	3.014158e+00	1.507078e-06	5.232461e-04	3.107156e-01
7.841944501377048e-01	3.014165e+00	1.507082e-06	3.256941e-04	3.107170e-01
7.841949126821527e-01	3.014173e+00	1.507086e-06	2.035955e-04	3.107184e-01
7.841953772440766e-01	3.014180e+00	1.507089e-06	1.278746e-04	3.107198e-01
7.841958431204589e-01	3.014188e+00	1.507093e-06	8.105113e-05	3.107213e-01
7.841963127454371e-01	3.014196e+00	1.507097e-06	5.202906e-05	3.107227e-01
7.841967869908220e-01	3.014204e+00	1.507101e-06	3.408071e-05	3.107242e-01
7.841972697821834e-01	3.014212e+00	1.507105e-06	2.296711e-05	3.107257e-01
7.841977650999485e-01	3.014220e+00	1.507109e-06	1.610379e-05	3.107272e-01
7.841982809506057e-01	3.014229e+00	1.507114e-06	1.187202e-05	3.107288e-01
7.841988278580061e-01	3.014238e+00	1.507118e-06	9.282167e-06	3.107305e-01
7.841994229645171e-01	3.014247e+00	1.507123e-06	7.717159e-06	3.107323e-01
7.842000902540577e-01	3.014259e+00	1.507129e-06	6.797274e-06	3.107343e-01
7.842008667485859e-01	3.014271e+00	1.507135e-06	6.282321e-06	3.107367e-01
7.842018082438923e-01	3.014287e+00	1.507143e-06	6.017799e-06	3.107396e-01
7.842030082091659e-01	3.014307e+00	1.507153e-06	5.882891e-06	3.107433e-01
7.842032115341195e-01	3.014310e+00	1.507154e-06	5.873299e-06	3.107439e-01
7.842036181840268e-01	3.014317e+00	1.507158e-06	5.865659e-06	3.107452e-01
7.842044314838414e-01	3.014331e+00	1.507164e-06	5.856947e-06	3.107477e-01
7.842060580834707e-01	3.014358e+00	1.507178e-06	5.850530e-06	3.107527e-01
7.842093112827290e-01	3.014411e+00	1.507205e-06	5.848141e-06	3.107627e-01
7.842158176812456e-01	3.014519e+00	1.507259e-06	5.848017e-06	3.107827e-01
7.842288304782788e-01	3.014735e+00	1.507367e-06	5.848128e-06	3.108227e-01
7.842548560723454e-01	3.015167e+00	1.507583e-06	5.848291e-06	3.109026e-01
7.842892907423087e-01	3.015738e+00	1.507868e-06	5.848522e-06	3.110084e-01
7.843300930290553e-01	3.016416e+00	1.508207e-06	5.848794e-06	3.111336e-01
7.843791069633173e-01	3.017230e+00	1.508614e-06	5.849129e-06	3.112839e-01
7.844431256874961e-01	3.018295e+00	1.509147e-06	5.849573e-06	3.114800e-01
7.845317037676008e-01	3.019770e+00	1.509884e-06	5.850206e-06	3.117509e-01
7.846662737246225e-01	3.022016e+00	1.511007e-06	5.851205e-06	3.121617e-01
7.848990270168634e-01	3.025911e+00	1.512955e-06	5.853054e-06	3.128694e-01
7.853645336013452e-01	3.033746e+00	1.516872e-06	5.857212e-06	3.142734e-01
7.862955467703087e-01	3.049584e+00	1.524791e-06	5.866894e-06	3.170459e-01
7.872721092703087e-01	3.066427e+00	1.533213e-06	5.878895e-06	3.199027e-01
7.882486717703087e-01	3.083490e+00	1.541744e-06	5.893009e-06	3.226963e-01
7.891922765275670e-01	3.100171e+00	1.550085e-06	5.908716e-06	3.253287e-01
7.901621572498607e-01	3.117499e+00	1.558749e-06	5.926993e-06	3.279603e-01
7.911387197498607e-01	3.135118e+00	1.567558e-06	5.947551e-06	3.305301e-01
7.921152822498607e-01	3.152892e+00	1.576445e-06	5.970287e-06	3.330142e-01
7.930918447498607e-01	3.170804e+00	1.585401e-06	5.995209e-06	3.354074e-01
7.940684072498607e-01	3.188838e+00	1.594418e-06	6.022324e-06	3.377050e-01
7.950449697498607e-01	3.206977e+00	1.603487e-06	6.051635e-06	3.399023e-01
7.960215322498607e-01	3.225203e+00	1.612601e-06	6.083148e-06	3.419948e-01
7.969980947498607e-01	3.243499e+00	1.621749e-06	6.116867e-06	3.439783e-01
7.979746572498607e-01	3.261849e+00	1.630924e-06	6.152793e-06	3.458490e-01
7.989512197498607e-01	3.280235e+00	1.640116e-06	6.190931e-06	3.476033e-01
8.009043447498607e-01	3.317044e+00	1.658521e-06	6.273847e-06	3.507490e-01
8.028574697498607e-01	3.354127e+00	1.677063e-06	6.365878e-06	3.533998e-01
8.048105947498607e-01	3.390669e+00	1.695333e-06	6.466530e-06	3.555168e-01
8.067637197498607e-01	3.426669e+00	1.713333e-06	6.575804e-06	3.570998e-01
8.087168447498607e-01	3.462127e+00	1.731063e-06	6.693698e-06	3.581489e-01
8.106699697498607e-01	3.497044e+00	1.748521e-06	6.820215e-06	3.586641e-01
8.126230947498607e-01	3.531419e+00	1.765709e-06	6.955352e-06	3.586453e-01
8.145762197498607e-01	3.565253e+00	1.782626e-06	7.099110e-06	3.580926e-01
8.155527822498607e-01	3.581637e+00	1.790817e-06	7.173787e-06	3.576292e-01
8.165293447498607e-01	3.597755e+00	1.798877e-06	7.249993e-06	3.570688e-01
8.166514150623607e-01	3.599751e+00	1.799875e-06	7.259631e-06	3.569907e-01
8.166552297596263e-01	3.599813e+00	1.799906e-06	7.259934e-06	3.569881e-01
8.166661970142650e-01	3.599992e+00	1.799995e-06	7.260808e-06	3.569806e-01
8.166664354328441e-01	3.599996e+00	1.799997e-06	7.260827e-06	3.569805e-01
8.166669122700023e-01	3.600004e+00	1.800001e-06	7.260865e-06	3.569801e-01
8.166678659443187e-01	3.600020e+00	1.800009e-06	7.260941e-06	3.569795e-01
8.195972809659426e-01	3.647306e+00	1.823652e-06	7.512458e-06	3.540450e-01
8.225266959875664e-01	3.690827e+00	1.845412e-06	7.769774e-06	3.505439e-01
8.254561110091904e-01	3.730582e+00	1.865290e-06	8.032886e-06	3.464762e-01
8.283855260308143e-01	3.766571e+00	1.883285e-06	8.301797e-06	3.418419e-01
8.313149410524382e-01	3.798795e+00	1.899397e-06	8.576504e-06	3.366409e-01
8.342443560740620e-01	3.827253e+00	1.913626e-06	8.857010e-06	3.308733e-01
8.371737710956859e-01	3.851945e+00	1.925972e-06	9.143313e-06	3.245390e-01
8.390060895105880e-01	3.864633e+00	1.932316e-06	9.313211e-06	3.207780e-01
8.408384079254899e-01	3.875380e+00	1.937689e-06	9.470905e-06	3.171924e-01
8.426707263403920e-01	3.884186e+00	1.942092e-06	9.616395e-06	3.137822e-01
8.445030447552939e-01	3.891051e+00	1.945524e-06	9.749681e-06	3.105473e-01
8.463353631701960e-01	3.895975e+00	1.947986e-06	9.870763e-06	3.074879e-01
8.481676815850979e-01	3.898958e+00	1.949478e-06	9.979641e-06	3.046038e-01
8.500000000000000e-01	3.900000e+00	1.949999e-06	1.007631e-05	3.018951e-01
8.500166777685880e-01	3.900000e+00	1.949999e-06	1.007706e-05	3.018726e-01
8.500389147933720e-01	3.900000e+00	1.949999e-06	1.007806e-05	3.018427e-01
8.500555259504319e-01	3.899999e+00	1.949998e-06	1.007880e-05	3.018203e-01
8.500667776858802e-01	3.899999e+00	1.949998e-06	1.007931e-05	3.018052e-01
8.501000000000000e-01	3.899997e+00	1.949998e-06	1.008079e-05	3.017607e-01
8.503667712755650e-01	3.899960e+00	1.949979e-06	1.009227e-05	3.014092e-01
8.506335425511301e-01	3.899881e+00	1.949940e-06	1.010340e-05	3.010633e-01
8.509003138266952e-01	3.899760e+00	1.949879e-06	1.011417e-05	3.007229e-01
8.511670851022602e-01	3.899597e+00	1.949797e-06	1.012459e-05	3.003880e-01
8.514338563778253e-01	3.899391e+00	1.949695e-06	1.013467e-05	3.000586e-01
8.517006276533904e-01	3.899144e+00	1.949571e-06	1.014439e-05	2.997347e-01
8.519673989289555e-01	3.898854e+00	1.949426e-06	1.015375e-05	2.994164e-01
8.520615402079036e-01	3.898742e+00	1.949370e-06	1.015690e-05	2.993065e-01
8.521556814868516e-01	3.898625e+00	1.949311e-06	1.016000e-05	2.991975e-01
8.522498227657997e-01	3.898502e+00	1.949250e-06	1.016304e-05	2.990894e-01
8.523439640447479e-01	3.898374e+00	1.949186e-06	1.016602e-05	2.989821e-01
8.524381053236960e-01	3.898241e+00	1.949119e-06	1.016895e-05	2.988757e-01
8.525322466026440e-01	3.898102e+00	1.949050e-06	1.017182e-05	2.987702e-01
8.526263878815922e-01	3.897959e+00	1.948978e-06	1.017463e-05	2.986655e-01
8.526282952302250e-01	3.897956e+00	1.948977e-06	1.017469e-05	2.986634e-01
8.526287009712012e-01	3.897955e+00	3.870859e+00	1.017470e-05	2.986630e-01
8.526295124531538e-01	3.897954e+00	3.870858e+00	1.017473e-05	2.986621e-01
8.526886347096977e-01	3.897861e+00	3.870766e+00	1.017646e-05	2.985968e-01
8.527477569662417e-01	3.897766e+00	3.870671e+00	1.017817e-05	2.985320e-01
8.528068792227856e-01	3.897669e+00	3.870575e+00	1.017985e-05	2.984677e-01
8.528660014793297e-01	3.897569e+00	3.870476e+00	1.018151e-05	2.984037e-01
8.529251237358736e-01	3.897468e+00	3.870376e+00	1.018313e-05	2.983402e-01
8.529842459924176e-01	3.897365e+00	3.870273e+00	1.018473e-05	2.982771e-01
8.530433682489615e-01	3.897260e+00	3.870168e+00	1.018631e-05	2.982145e-01
8.534588470086745e-01	3.896461e+00	3.869375e+00	1.019659e-05	2.977862e-01
8.542898045281003e-01	3.894560e+00	3.867487e+00	1.021395e-05	2.969800e-01
8.552663670281003e-01	3.891807e+00	3.864753e+00	1.022934e-05	2.961113e-01
8.562429295281003e-01	3.888497e+00	3.861467e+00	1.023874e-05	2.953365e-01
8.572194920281003e-01	3.884634e+00	3.857630e+00	1.024186e-05	2.946605e-01
8.581960545281003e-01	3.880220e+00	3.853247e+00	1.023862e-05	2.940843e-01
8.591726170281003e-01	3.875260e+00	3.848322e+00	1.022903e-05	2.936085e-01
8.601491795281003e-01	3.869759e+00	3.842859e+00	1.021309e-05	2.932330e-01
8.611257420281003e-01	3.863721e+00	3.836863e+00	1.019083e-05	2.929575e-01
8.621023045281003e-01	3.857153e+00	3.830341e+00	1.016234e-05	2.927814e-01
8.630788670281003e-01	3.850061e+00	3.823298e+00	1.012773e-05	2.927035e-01
8.640554295281003e-01	3.842451e+00	3.815740e+00	1.008711e-05	2.927222e-01
8.650319920281003e-01	3.834330e+00	3.807676e+00	1.004066e-05	2.928355e-01
8.660085545281003e-01	3.825706e+00	3.799113e+00	9.988558e-06	2.930413e-01
8.669851170281003e-01	3.816588e+00	3.790057e+00	9.931024e-06	2.933366e-01
8.679616795281003e-01	3.806983e+00	3.780520e+00	9.868288e-06	2.937185e-01
8.689382420281003e-01	3.796902e+00	3.770508e+00	9.800605e-06	2.941836e-01
8.699148045281003e-01	3.786352e+00	3.760032e+00	9.728246e-06	2.947282e-01
8.708913670281003e-01	3.775345e+00	3.749102e+00	9.651498e-06	2.953483e-01
8.718679295281003e-01	3.763891e+00	3.737727e+00	9.570658e-06	2.960395e-01
8.728444920281003e-01	3.752000e+00	3.725918e+00	9.486036e-06	2.967973e-01
8.738210545281003e-01	3.739683e+00	3.713687e+00	9.397945e-06	2.976168e-01
8.747976170281003e-01	3.726953e+00	3.701046e+00	9.306705e-06	2.984931e-01
8.757741795281003e-01	3.713821e+00	3.688005e+00	9.212636e-06	2.994208e-01
8.767507420281003e-01	3.700299e+00	3.674577e+00	9.116059e-06	3.003946e-01
8.777273045281003e-01	3.686401e+00	3.660775e+00	9.017293e-06	3.014089e-01
8.787038670281003e-01	3.672139e+00	3.646613e+00	8.916650e-06	3.024580e-01
8.796804295281003e-01	3.657527e+00	3.632102e+00	8.814440e-06	3.035361e-01
8.806569920281003e-01	3.642578e+00	3.617257e+00	8.710961e-06	3.046373e-01
8.816335545281003e-01	3.627307e+00	3.602092e+00	8.606504e-06	3.057557e-01
8.829763279656003e-01	3.605809e+00	3.580744e+00	8.461873e-06	3.073098e-01
8.833331452114399e-01	3.600003e+00	3.574978e+00	8.423263e-06	3.077252e-01
8.833332977997104e-01	3.600001e+00	3.574976e+00	9.580489e-01	3.077253e-01
8.833333531985810e-01	3.600000e+00	3.574975e+00	2.250701e+00	3.077254e-01
8.833334008555551e-01	3.599999e+00	3.574974e+00	3.356486e+00	3.077255e-01
8.833334285131076e-01	3.599998e+00	3.574974e+00	3.535485e+00	3.077255e-01
8.833334537680607e-01	3.599998e+00	3.574973e+00	3.547525e+00	3.077255e-01
8.833334805996359e-01	3.599998e+00	3.574973e+00	3.552737e+00	3.077255e-01
8.833335291252049e-01	3.599997e+00	3.574972e+00	3.555105e+00	3.077256e-01
8.833336261763429e-01	3.599995e+00	3.574970e+00	3.555837e+00	3.077257e-01
8.833338202786188e-01	3.599992e+00	3.574967e+00	3.555862e+00	3.077260e-01
8.833342084831707e-01	3.599986e+00	3.574961e+00	3.555851e+00	3.077264e-01
8.833349848922745e-01	3.599973e+00	3.574948e+00	3.555840e+00	3.077273e-01
8.833365377104819e-01	3.599948e+00	3.574923e+00	3.555813e+00	3.077291e-01
8.833396433468969e-01	3.599897e+00	3.574873e+00	3.555762e+00	3.077327e-01
8.833458546197268e-01	3.599796e+00	3.574772e+00	3.555660e+00	3.077400e-01
8.833582771653867e-01	3.599593e+00	3.574571e+00	3.555455e+00	3.077544e-01
8.833831222567065e-01	3.599187e+00	3.574168e+00	3.555045e+00	3.077834e-01
8.834328124393459e-01	3.598375e+00	3.573361e+00	3.554224e+00	3.078412e-01
8.835321928046248e-01	3.596748e+00	3.571746e+00	3.552581e+00	3.079569e-01
8.837309535351827e-01	3.593486e+00	3.568506e+00	3.549282e+00	3.081883e-01
8.841284749962984e-01	3.586928e+00	3.561994e+00	3.542643e+00	3.086505e-01
8.849235179185299e-01	3.573678e+00	3.548836e+00	3.529235e+00	3.095717e-01
8.859000804185299e-01	3.557170e+00	3.532443e+00	3.512562e+00	3.106951e-01
8.878532054185299e-01	3.523445e+00	3.498952e+00	3.478539e+00	3.128928e-01
8.891234375000000e-01	3.501052e+00	3.476715e+00	3.456001e+00	3.142765e-01
8.895126608370597e-01	3.494125e+00	3.469836e+00	3.449020e+00	3.146888e-01
8.898126608370597e-01	3.488765e+00	3.464514e+00	3.443618e+00	3.150025e-01
8.899126608370597e-01	3.486975e+00	3.462736e+00	3.441814e+00	3.151063e-01
8.900000000000000e-01	3.485410e+00	3.461182e+00	3.440237e+00	3.151966e-01
8.901000000000000e-01	3.483617e+00	3.459401e+00	3.438439e+00	3.152997e-01
8.901100000000000e-01	3.483437e+00	3.459223e+00	3.438252e+00	3.153100e-01
8.901300000000000e-01	3.483078e+00	3.458866e+00	3.437886e+00	3.153305e-01
8.901441983651373e-01	3.482823e+00	3.458613e+00	3.437630e+00	3.153451e-01
8.901507803273099e-01	3.482705e+00	3.458496e+00	3.437510e+00	3.153518e-01
8.901571580446448e-01	3.482591e+00	3.458382e+00	3.437395e+00	3.153584e-01
8.901795617689534e-01	3.482188e+00	3.457982e+00	3.436990e+00	3.153813e-01
8.902000000000000e-01	3.481821e+00	3.457618e+00	3.436620e+00	3.154023e-01
8.902020438231046e-01	3.481784e+00	3.457581e+00	3.436583e+00	3.154044e-01
8.902061314693139e-01	3.481711e+00	3.457508e+00	3.436509e+00	3.154086e-01
8.902633585162444e-01	3.480683e+00	3.456487e+00	3.435472e+00	3.154671e-01
8.903287608555934e-01	3.479507e+00	3.455319e+00	3.434287e+00	3.155337e-01
8.904595655342915e-01	3.477153e+00	3.452982e+00	3.431913e+00	3.156663e-01
8.907211748916878e-01	3.472435e+00	3.448297e+00	3.427155e+00	3.159288e-01
8.912443936064803e-01	3.462966e+00	3.438894e+00	3.417600e+00	3.164424e-01
8.922209561064803e-01	3.445176e+00	3.421228e+00	3.399669e+00	3.173686e-01
8.931975186064803e-01	3.427250e+00	3.403426e+00	3.381625e+00	3.182508e-01
8.941740811064803e-01	3.409204e+00	3.385505e+00	3.363490e+00	3.190920e-01
8.944163143828475e-01	3.404711e+00	3.381044e+00	3.358973e+00	3.192908e-01
8.944201290801131e-01	3.404640e+00	3.380973e+00	3.358902e+00	3.192938e-01
8.944210827544296e-01	3.404623e+00	1.702310e-06	3.358884e+00	3.192946e-01
8.944229901030624e-01	3.404587e+00	1.702293e-06	3.358849e+00	3.192961e-01
8.946966946318710e-01	3.399503e+00	1.699751e-06	3.353734e+00	3.195141e-01
8.946971714690292e-01	3.399494e+00	1.699746e-06	3.353726e+00	3.195145e-01
8.946981251433456e-01	3.399477e+00	1.699737e-06	3.353708e+00	3.195153e-01
8.947000324919784e-01	3.399441e+00	1.699720e-06	3.353672e+00	3.195168e-01
8.947034362841485e-01	3.399378e+00	1.699688e-06	3.353609e+00	3.195195e-01
8.947068955263593e-01	3.399313e+00	1.699656e-06	3.353544e+00	3.195222e-01
8.947138140107809e-01	3.399185e+00	1.699592e-06	3.353415e+00	3.195276e-01
8.947276509796239e-01	3.398928e+00	1.699463e-06	3.353156e+00	3.195385e-01
8.947553249173100e-01	3.398413e+00	1.699206e-06	3.352638e+00	3.195602e-01
8.947584414558967e-01	3.398355e+00	1.699177e-06	3.352580e+00	3.195627e-01
8.947625319127916e-01	3.398279e+00	1.699139e-06	3.352504e+00	3.195659e-01
8.947633110474383e-01	3.398265e+00	1.699131e-06	3.352489e+00	3.195665e-01
8.947635058311000e-01	3.398261e+00	1.699130e-06	3.352485e+00	3.195666e-01
8.947638953984233e-01	3.398254e+00	1.699126e-06	3.352478e+00	3.195669e-01
8.947693493409500e-01	3.398152e+00	1.699075e-06	3.352376e+00	3.195712e-01
8.947755824181233e-01	3.398036e+00	1.699017e-06	3.352259e+00	3.195761e-01
8.947880485724700e-01	3.397804e+00	1.698901e-06	3.352026e+00	3.195859e-01
8.948129808811633e-01	3.397341e+00	1.698670e-06	3.351560e+00	3.196053e-01
8.948392668272238e-01	3.396852e+00	1.698425e-06	3.351068e+00	3.196258e-01
8.948642179331783e-01	3.396388e+00	1.698193e-06	3.350601e+00	3.196452e-01
8.948867514781852e-01	3.395968e+00	1.697983e-06	3.350180e+00	3.196627e-01
8.949101073285051e-01	3.395534e+00	1.697766e-06	3.349742e+00	3.196808e-01
8.949333527605340e-01	3.395101e+00	1.697550e-06	3.349307e+00	3.196988e-01
8.949572374155844e-01	3.394657e+00	1.697328e-06	3.348860e+00	3.197173e-01
8.949806110091302e-01	3.394222e+00	1.697110e-06	3.348423e+00	3.197353e-01
8.950042675647216e-01	3.393781e+00	1.696890e-06	3.347980e+00	3.197534e-01
8.950276280636958e-01	3.393346e+00	1.696672e-06	3.347543e+00	3.197714e-01
8.950512574968664e-01	3.392906e+00	1.696452e-06	3.347100e+00	3.197895e-01
8.950746844694807e-01	3.392470e+00	1.696234e-06	3.346661e+00	3.198074e-01
8.950982838495817e-01	3.392030e+00	1.696014e-06	3.346219e+00	3.198254e-01
8.951217326017532e-01	3.391594e+00	1.695796e-06	3.345780e+00	3.198432e-01
8.951453050301110e-01	3.391155e+00	1.695576e-06	3.345338e+00	3.198611e-01
8.951687742226018e-01	3.390717e+00	1.695358e-06	3.344899e+00	3.198789e-01
8.951923310845077e-01	3.390278e+00	1.695138e-06	3.344457e+00	3.198968e-01
8.952158144724206e-01	3.389841e+00	1.694919e-06	3.344017e+00	3.199145e-01
8.952628524165783e-01	3.388964e+00	1.694481e-06	3.343136e+00	3.199499e-01
8.953210881449233e-01	3.387878e+00	1.693938e-06	3.342044e+00	3.199936e-01
8.953793238732682e-01	3.386792e+00	1.693395e-06	3.340952e+00	3.200370e-01
8.954375596016132e-01	3.385706e+00	1.692852e-06	3.339860e+00	3.200802e-01
8.954957953299583e-01	3.384619e+00	1.692309e-06	3.338767e+00	3.201231e-01
8.955540310583032e-01	3.383532e+00	1.691765e-06	3.337675e+00	3.201658e-01
8.956122667866482e-01	3.382445e+00	1.691222e-06	3.336582e+00	3.202083e-01
8.956705025149931e-01	3.381358e+00	1.690678e-06	3.335488e+00	3.202506e-01
8.958483142268922e-01	3.378036e+00	1.689017e-06	3.332149e+00	3.203784e-01
8.958485581753619e-01	3.378031e+00	1.689015e-06	3.265702e+00	3.203785e-01
8.958486673770667e-01	3.378029e+00	1.689014e-06	3.111609e+00	3.203786e-01
8.958487730952150e-01	3.378027e+00	1.689013e-06	2.848614e+00	3.203787e-01
8.958488617365891e-01	3.378026e+00	1.689012e-06	2.620190e+00	3.203788e-01
8.958489553476184e-01	3.378024e+00	1.689011e-06	2.403977e+00	3.203788e-01
8.958491425696772e-01	3.378020e+00	1.689009e-06	2.036804e+00	3.203789e-01
8.958495170137947e-01	3.378013e+00	1.689006e-06	1.463976e+00	3.203792e-01
8.958500137327483e-01	3.378004e+00	1.689001e-06	9.249113e-01	3.203796e-01
8.958505084263261e-01	3.377995e+00	1.688996e-06	5.779632e-01	3.203799e-01
8.958510435339950e-01	3.377985e+00	1.688991e-06	3.462690e-01	3.203803e-01
8.958515290208668e-01	3.377976e+00	1.688987e-06	2.165840e-01	3.203806e-01
8.958520390596267e-01	3.377966e+00	1.688982e-06	1.330688e-01	3.203810e-01
8.958525270290016e-01	3.377957e+00	1.688978e-06	8.334558e-02	3.203813e-01
8.958530377726748e-01	3.377948e+00	1.688973e-06	5.118237e-02	3.203817e-01
8.958535311885993e-01	3.377938e+00	1.688968e-06	3.188263e-02	3.203821e-01
8.958540385690508e-01	3.377929e+00	1.688963e-06	1.962985e-02	3.203824e-01
8.958545335029119e-01	3.377919e+00	1.688959e-06	1.221575e-02	3.203828e-01
8.958550388088596e-01	3.377910e+00	1.688954e-06	7.537078e-03	3.203831e-01
8.958555356188604e-01	3.377901e+00	1.688950e-06	4.684660e-03	3.203835e-01
8.958560397436903e-01	3.377891e+00	1.688945e-06	2.894854e-03	3.203838e-01
8.958565378678434e-01	3.377882e+00	1.688940e-06	1.798925e-03	3.203842e-01
8.958570412703463e-01	3.377873e+00	1.688935e-06	1.113976e-03	3.203846e-01
8.958575406701076e-01	3.377863e+00	1.688931e-06	6.931627e-04	3.203849e-01
8.958580441554944e-01	3.377854e+00	1.688926e-06	4.308676e-04	3.203853e-01
8.958585453637199e-01	3.377845e+00	1.688921e-06	2.693498e-04	3.203856e-01
8.958590503586071e-01	3.377835e+00	1.688917e-06	1.688719e-04	3.203860e-01
8.958595551721951e-01	3.377826e+00	1.688912e-06	1.069009e-04	3.203864e-01
8.958600649969789e-01	3.377816e+00	1.688907e-06	6.840520e-05	3.203867e-01
8.958605783698249e-01	3.377806e+00	1.688902e-06	4.464093e-05	3.203871e-01
8.958611012208614e-01	3.377797e+00	1.688898e-06	2.990138e-05	3.203875e-01
8.958616358391055e-01	3.377787e+00	1.688893e-06	2.080825e-05	3.203878e-01
8.958621917868371e-01	3.377776e+00	1.688887e-06	1.519148e-05	3.203882e-01
8.958627783822949e-01	3.377765e+00	1.688882e-06	1.175217e-05	3.203886e-01
8.958634142133458e-01	3.377753e+00	1.688876e-06	9.665603e-06	3.203891e-01
8.958641224765475e-01	3.377740e+00	1.688869e-06	8.432635e-06	3.203896e-01
8.958649417368298e-01	3.377725e+00	1.688862e-06	7.734478e-06	3.203902e-01
8.958659267958837e-01	3.377707e+00	1.688852e-06	7.369395e-06	3.203909e-01
8.958671713875018e-01	3.377683e+00	1.688841e-06	7.201473e-06	3.203918e-01
8.958688372034963e-01	3.377652e+00	1.688825e-06	7.139201e-06	3.203929e-01
8.958712584157225e-01	3.377607e+00	1.688803e-06	7.123173e-06	3.203947e-01
8.958752316555866e-01	3.377533e+00	1.688765e-06	7.121022e-06	3.203975e-01
8.958831781353148e-01	3.377384e+00	1.688691e-06	7.120366e-06	3.204031e-01
8.958990710947713e-01	3.377087e+00	1.688543e-06	7.118845e-06	3.204144e-01
8.959308570136842e-01	3.376493e+00	1.688246e-06	7.115846e-06	3.204369e-01
8.959655588499391e-01	3.375844e+00	1.687921e-06	7.112567e-06	3.204613e-01
8.960113951141407e-01	3.374987e+00	1.687493e-06	7.108243e-06	3.204935e-01
8.960624354352306e-01	3.374032e+00	1.687015e-06	7.103431e-06	3.205292e-01
8.961374160970604e-01	3.372629e+00	1.686314e-06	7.096376e-06	3.205812e-01
8.962353580130206e-01	3.370796e+00	1.685397e-06	7.087177e-06	3.206485e-01
8.964038558598063e-01	3.367642e+00	1.683820e-06	7.071410e-06	3.207624e-01
8.966944093783483e-01	3.362197e+00	1.681098e-06	7.044396e-06	3.209529e-01
8.972755164154325e-01	3.351293e+00	1.675645e-06	6.991003e-06	3.213124e-01
8.982520789154325e-01	3.332931e+00	1.666465e-06	6.902802e-06	3.218647e-01
8.992286414154325e-01	3.314538e+00	1.657268e-06	6.816548e-06	3.223503e-01
9.002052039154325e-01	3.296132e+00	1.648065e-06	6.732499e-06	3.227599e-01
9.011471816911373e-01	3.278381e+00	1.639190e-06	6.653608e-06	3.230789e-01
9.021237441911373e-01	3.259998e+00	1.629998e-06	6.574134e-06	3.233284e-01
9.031003066911373e-01	3.241653e+00	1.620826e-06	6.497020e-06	3.234945e-01
9.040768691911373e-01	3.223363e+00	1.611681e-06	6.422325e-06	3.235747e-01
9.050534316911373e-01	3.205145e+00	1.602572e-06	6.350082e-06	3.235675e-01
9.060299941911373e-01	3.187016e+00	1.593507e-06	6.280320e-06	3.234715e-01
9.070065566911373e-01	3.168993e+00	1.584496e-06	6.213064e-06	3.232858e-01
9.079831191911373e-01	3.151094e+00	1.575546e-06	6.148333e-06	3.230097e-01
9.089596816911373e-01	3.133335e+00	1.566667e-06	6.086143e-06	3.226430e-01
9.099362441911373e-01	3.115733e+00	1.557866e-06	6.026508e-06	3.221855e-01
9.109128066911373e-01	3.098305e+00	1.549151e-06	5.969437e-06	3.216374e-01
9.118893691911373e-01	3.081065e+00	1.540532e-06	5.914937e-06	3.209992e-01
9.128659316911373e-01	3.064033e+00	1.532016e-06	5.863015e-06	3.202717e-01
9.138424941911373e-01	3.047222e+00	1.523610e-06	5.813674e-06	3.194559e-01
9.148190566911373e-01	3.030649e+00	1.515324e-06	5.766915e-06	3.185531e-01
9.157956191911373e-01	3.014330e+00	1.507164e-06	5.722186e-06	3.175831e-01
9.159176895036373e-01	3.012308e+00	1.506153e-06	5.716782e-06	3.174556e-01
9.161618301286373e-01	3.008278e+00	1.504138e-06	5.706275e-06	3.171906e-01
9.166501113786373e-01	3.000270e+00	1.500134e-06	5.685566e-06	3.166516e-01
9.166653701676998e-01	3.000021e+00	1.500010e-06	5.684926e-06	3.166344e-01
9.166658470048580e-01	3.000013e+00	1.500006e-06	5.684906e-06	3.166339e-01
9.166668006791744e-01	2.999998e+00	1.499998e-06	5.684866e-06	3.166328e-01
9.166687080278072e-01	2.999967e+00	1.499983e-06	5.684787e-06	3.166307e-01
9.176447255710549e-01	2.984144e+00	1.492071e-06	5.645793e-06	3.154713e-01
9.186207431143028e-01	2.968653e+00	1.484326e-06	5.609314e-06	3.142401e-01
9.195967606575505e-01	2.953495e+00	1.476747e-06	5.575351e-06	3.129372e-01
9.205727782007983e-01	2.938668e+00	1.469333e-06	5.543904e-06	3.115626e-01
9.215487957440460e-01	2.924174e+00	1.462086e-06	5.514972e-06	3.101163e-01
9.225248132872939e-01	2.910011e+00	1.455005e-06	5.488556e-06	3.085982e-01
9.235008308305416e-01	2.896181e+00	1.448090e-06	5.464655e-06	3.070084e-01
9.254539558305416e-01	2.869729e+00	1.434864e-06	5.424668e-06	3.036492e-01
9.283836433305416e-01	2.833116e+00	1.416557e-06	5.383904e-06	2.981936e-01
9.303367683305416e-01	2.810886e+00	1.405442e-06	5.369525e-06	2.943199e-01
9.332664558305416e-01	2.781016e+00	1.390507e-06	5.367136e-06	2.882285e-01
9.361961433305416e-01	2.755540e+00	1.377769e-06	5.387739e-06	2.818919e-01
9.391258308305416e-01	2.734673e+00	1.367336e-06	5.431284e-06	2.754146e-01
9.420555183305416e-01	2.718591e+00	1.359295e-06	5.497646e-06	2.689011e-01
9.449852058305416e-01	2.707431e+00	1.353715e-06	5.586565e-06	2.624544e-01
9.457016049976070e-01	2.705460e+00	1.352730e-06	5.611707e-06	2.608950e-01
9.464180041646726e-01	2.703793e+00	1.351896e-06	5.638109e-06	2.593506e-01
9.471344033317380e-01	2.702429e+00	1.351214e-06	5.665772e-06	2.578213e-01
9.478508024988035e-01	2.701367e+00	1.350683e-06	5.694696e-06	2.563070e-01
9.485672016658689e-01	2.700608e+00	1.350304e-06	5.724880e-06	2.548077e-01
9.492836008329345e-01	2.700153e+00	1.350076e-06	5.756325e-06	2.533234e-01
9.500000000000000e-01	2.700000e+00	1.349999e-06	5.789031e-06	2.518542e-01
9.500003809085719e-01	2.700000e+00	1.349999e-06	5.789049e-06	2.518534e-01
9.500011427257158e-01	2.700000e+00	1.349999e-06	5.789085e-06	2.518518e-01
9.500026663600035e-01	2.700000e+00	1.349999e-06	5.789156e-06	2.518487e-01
9.500051783377172e-01	2.700000e+00	1.349999e-06	5.789273e-06	2.518436e-01
9.500102022931447e-01	2.700000e+00	1.349999e-06	5.789508e-06	2.518334e-01
9.500202502039997e-01	2.700000e+00	1.349999e-06	5.789977e-06	2.518130e-01
9.500403460257096e-01	2.700001e+00	1.350000e-06	5.790917e-06	2.517722e-01
9.500598083565801e-01	2.700001e+00	1.350000e-06	5.791827e-06	2.517327e-01
9.500646739392977e-01	2.700001e+00	1.350000e-06	5.792055e-06	2.517229e-01
9.500744051047330e-01	2.700002e+00	1.350000e-06	5.792511e-06	2.517031e-01
9.500768378960918e-01	2.700002e+00	1.350000e-06	5.792625e-06	2.516982e-01
9.500809576374063e-01	2.700002e+00	1.350000e-06	5.792818e-06	2.516899e-01
9.500814114749874e-01	2.700002e+00	1.350000e-06	5.792840e-06	2.516889e-01
9.500823191501495e-01	2.700002e+00	1.350000e-06	5.792882e-06	2.516871e-01
9.500825460689400e-01	2.700002e+00	1.350000e-06	5.792893e-06	2.516866e-01
9.500829999065211e-01	2.700002e+00	1.350000e-06	5.792914e-06	2.516857e-01
9.500839075816833e-01	2.700002e+00	2.681233e+00	5.792956e-06	2.516839e-01
9.500848674046876e-01	2.700002e+00	2.681233e+00	5.793001e-06	2.516819e-01
9.500860583318179e-01	2.700002e+00	2.681234e+00	5.793057e-06	2.516795e-01
9.500873753860516e-01	2.700002e+00	2.681234e+00	5.793119e-06	2.516768e-01
9.500879185551041e-01	2.700002e+00	2.681234e+00	5.793145e-06	2.516757e-01
9.500880126429467e-01	2.700002e+00	2.681234e+00	5.793149e-06	2.516755e-01
9.500880690258777e-01	2.700002e+00	2.681234e+00	5.793152e-06	2.516754e-01
9.500881472167585e-01	2.700002e+00	2.681234e+00	5.793155e-06	2.516752e-01
9.500882410235616e-01	2.700002e+00	2.681234e+00	5.793160e-06	2.516751e-01
9.500883379221318e-01	2.700002e+00	2.681234e+00	5.793164e-06	2.516749e-01
9.500884695936932e-01	2.700002e+00	2.681234e+00	5.793171e-06	2.516746e-01
9.500886162937474e-01	2.700002e+00	2.681234e+00	5.793177e-06	2.516743e-01
9.500888005525789e-01	2.700002e+00	2.681234e+00	5.793186e-06	2.516739e-01
9.500890283135939e-01	2.700002e+00	2.681234e+00	5.793197e-06	2.516735e-01
9.500893040360976e-01	2.700002e+00	2.681234e+00	5.793210e-06	2.516729e-01
9.500896534824342e-01	2.700002e+00	2.681234e+00	5.793226e-06	2.516722e-01
9.500900844692991e-01	2.700002e+00	2.681234e+00	5.793246e-06	2.516713e-01
9.500913082762998e-01	2.700002e+00	2.681234e+00	5.793303e-06	2.516688e-01
9.500932595402434e-01	2.700003e+00	2.681234e+00	5.793395e-06	2.516649e-01
9.500945056915872e-01	2.700003e+00	2.681234e+00	5.793454e-06	2.516624e-01
9.500965246227256e-01	2.700003e+00	2.681234e+00	5.793548e-06	2.516583e-01
9.500975522151333e-01	2.700003e+00	2.681234e+00	5.793596e-06	2.516562e-01
9.500979448151847e-01	2.700003e+00	2.681234e+00	5.793615e-06	2.516554e-01
9.500987300152877e-01	2.700003e+00	2.681234e+00	5.793652e-06	2.516538e-01
9.500988317969326e-01	2.700003e+00	2.681234e+00	5.793656e-06	2.516536e-01
9.500990353602223e-01	2.700003e+00	2.681234e+00	5.793666e-06	2.516532e-01
9.500993187530188e-01	2.700003e+00	2.681234e+00	5.793680e-06	2.516526e-01
9.500996150362879e-01	2.700003e+00	2.681234e+00	5.793693e-06	2.516520e-01
9.500999999999999e-01	2.700003e+00	2.681234e+00	5.793711e-06	2.516512e-01
9.501000384963711e-01	2.700003e+00	2.681234e+00	5.793713e-06	2.516512e-01
9.501001154891136e-01	2.700003e+00	2.681234e+00	5.793717e-06	2.516510e-01
9.501002694745984e-01	2.700003e+00	2.681234e+00	5.793724e-06	2.516507e-01
9.501005750439987e-01	2.700003e+00	2.681234e+00	5.793738e-06	2.516501e-01
9.501008670297884e-01	2.700003e+00	2.681234e+00	5.793752e-06	2.516495e-01
9.501014510013677e-01	2.700003e+00	2.681234e+00	5.793780e-06	2.516483e-01
9.501867108519418e-01	2.700010e+00	2.681242e+00	5.797791e-06	2.514756e-01
9.502719707025160e-01	2.700022e+00	2.681253e+00	5.801824e-06	2.513034e-01
9.503572305530902e-01	2.700038e+00	2.681269e+00	5.805879e-06	2.511315e-01
9.504424904036642e-01	2.700058e+00	2.681289e+00	5.809955e-06	2.509599e-01
9.505277502542384e-01	2.700082e+00	2.681313e+00	5.814053e-06	2.507888e-01
9.506130101048126e-01	2.700111e+00	2.681342e+00	5.818172e-06	2.506180e-01
9.506982699553868e-01	2.700144e+00	2.681375e+00	5.822313e-06	2.504476e-01
9.512962568525644e-01	2.700497e+00	2.681725e+00	5.851872e-06	2.492621e-01
9.522728193525644e-01	2.701529e+00	2.682750e+00	5.901744e-06	2.473577e-01
9.532493818525644e-01	2.703124e+00	2.684333e+00	5.953554e-06	2.454946e-01
9.542259443525644e-01	2.705280e+00	2.686475e+00	6.007449e-06	2.436804e-01
9.552025068525644e-01	2.707996e+00	2.689172e+00	6.063356e-06	2.419185e-01
9.561790693525644e-01	2.711269e+00	2.692422e+00	6.121192e-06	2.402122e-01
9.571556318525644e-01	2.715097e+00	2.696223e+00	6.180866e-06	2.385649e-01
9.581321943525644e-01	2.719475e+00	2.700571e+00	6.242277e-06	2.369799e-01
9.591087568525644e-01	2.724399e+00	2.705461e+00	6.305319e-06	2.354605e-01
9.600853193525644e-01	2.729865e+00	2.710889e+00	6.369872e-06	2.340101e-01
9.610618818525644e-01	2.735868e+00	2.716850e+00	6.435809e-06	2.326318e-01
9.620384443525644e-01	2.742401e+00	2.723338e+00	6.502992e-06	2.313288e-01
9.630150068525644e-01	2.749460e+00	2.730347e+00	6.571275e-06	2.301043e-01
9.639915693525644e-01	2.757036e+00	2.737871e+00	6.640502e-06	2.289615e-01
9.649681318525644e-01	2.765124e+00	2.745902e+00	6.710507e-06	2.279034e-01
9.659446943525644e-01	2.773715e+00	2.754433e+00	6.781116e-06	2.269332e-01
9.669212568525644e-01	2.782801e+00	2.763457e+00	6.852146e-06	2.260538e-01
9.698509443525644e-01	2.812944e+00	2.793390e+00	7.065828e-06	2.239898e-01
9.717769768276794e-01	2.835266e+00	2.815557e+00	7.208633e-06	2.230934e-01
9.737030093027943e-01	2.859056e+00	2.839181e+00	7.344405e-06	2.226550e-01
9.756290417779093e-01	2.884311e+00	2.864261e+00	7.473145e-06	2.226748e-01
9.775550742530242e-01	2.911033e+00	2.890798e+00	7.594852e-06	2.231526e-01
9.794811067281393e-01	2.939221e+00	2.918790e+00	7.709527e-06	2.240886e-01
9.814071392032542e-01	2.968876e+00	2.948239e+00	7.817169e-06	2.254827e-01
9.833331716783692e-01	2.999997e+00	2.979143e+00	7.917778e-06	2.273348e-01
9.833333242666773e-01	3.000000e+00	2.979146e+00	7.991523e-01	2.273350e-01
9.833333796655616e-01	3.000001e+00	2.979147e+00	1.877544e+00	2.273351e-01
9.833334273395369e-01	3.000001e+00	2.979147e+00	2.800660e+00	2.273351e-01
9.833334550028849e-01	3.000002e+00	2.979148e+00	2.950228e+00	2.273352e-01
9.833334802721937e-01	3.000002e+00	2.979148e+00	2.960350e+00	2.273352e-01
9.833335071159025e-01	3.000003e+00	2.979149e+00	2.964726e+00	2.273352e-01
9.833335556385505e-01	3.000004e+00	2.979150e+00	2.966716e+00	2.273353e-01
9.833336526838465e-01	3.000005e+00	2.979151e+00	2.967335e+00	2.273354e-01
9.833338467744385e-01	3.000008e+00	2.979154e+00	2.967361e+00	2.273356e-01
9.833342349556224e-01	3.000015e+00	2.979161e+00	2.967363e+00	2.273360e-01
9.833350113179904e-01	3.000027e+00	2.979173e+00	2.967377e+00	2.273369e-01
9.833365640427263e-01	3.000053e+00	2.979198e+00	2.967402e+00	2.273386e-01
9.833396694921980e-01	3.000103e+00	2.979249e+00	2.967452e+00	2.273421e-01
9.833458803911415e-01	3.000205e+00	2.979349e+00	2.967553e+00	2.273491e-01
9.833583021890284e-01	3.000408e+00	2.979551e+00	2.967754e+00	2.273630e-01
9.833831457848023e-01	3.000813e+00	2.979954e+00	2.968155e+00	2.273909e-01
9.834328329763502e-01	3.001626e+00	2.980760e+00	2.968960e+00	2.274470e-01
9.835322073594459e-01	3.003252e+00	2.982376e+00	2.970571e+00	2.275606e-01
9.837309561256372e-01	3.006514e+00	2.985615e+00	2.973804e+00	2.277928e-01
9.841284536580199e-01	3.013072e+00	2.992127e+00	2.980309e+00	2.282773e-01
9.891234375000000e-01	3.098948e+00	3.077406e+00	3.065046e+00	2.361038e-01
9.895125224455705e-01	3.105873e+00	3.084283e+00	3.071860e+00	2.368551e-01
9.898125224455705e-01	3.111232e+00	3.089605e+00	3.077133e+00	2.374499e-01
9.899125224455705e-01	3.113022e+00	3.091383e+00	3.078894e+00	2.376507e-01
9.900000000000000e-01	3.114590e+00	3.092939e+00	3.080436e+00	2.378278e-01
9.901000000000000e-01	3.116383e+00	3.094720e+00	3.082209e+00	2.380313e-01
9.901007368633585e-01	3.116397e+00	3.094733e+00	3.082216e+00	2.380328e-01
9.901022105900757e-01	3.116423e+00	3.094760e+00	3.082239e+00	2.380358e-01
9.901051580435102e-01	3.116476e+00	3.094812e+00	3.082291e+00	2.380418e-01
9.901083397641447e-01	3.116533e+00	3.094869e+00	3.082347e+00	2.380483e-01
9.901111627424785e-01	3.116584e+00	3.094919e+00	3.082397e+00	2.380541e-01
9.901131485289411e-01	3.116619e+00	3.094955e+00	3.082432e+00	2.380582e-01
9.901144803481259e-01	3.116643e+00	3.094978e+00	3.082456e+00	2.380609e-01
9.901151616029421e-01	3.116656e+00	3.094990e+00	3.082468e+00	2.380623e-01
9.901157273709862e-01	3.116666e+00	3.095001e+00	3.082478e+00	2.380635e-01
9.901162917988938e-01	3.116676e+00	3.095011e+00	3.082488e+00	2.380646e-01
9.901172951327085e-01	3.116694e+00	3.095029e+00	3.082505e+00	2.380667e-01
9.901183259761110e-01	3.116712e+00	3.095047e+00	3.082524e+00	2.380688e-01
9.901192002654110e-01	3.116728e+00	3.095062e+00	3.082539e+00	2.380706e-01
9.901200846885488e-01	3.116744e+00	1.558371e-06	3.082555e+00	2.380724e-01
9.901209818580617e-01	3.116760e+00	1.558379e-06	3.082570e+00	2.380742e-01
9.901223259203988e-01	3.116784e+00	1.558391e-06	3.082594e+00	2.380770e-01
9.901235796404497e-01	3.116807e+00	1.558403e-06	3.082616e+00	2.380795e-01
9.901249544577306e-01	3.116831e+00	1.558415e-06	3.082640e+00	2.380823e-01
9.901266072673517e-01	3.116861e+00	1.558430e-06	3.082670e+00	2.380857e-01
9.901298288625301e-01	3.116919e+00	1.558459e-06	3.082726e+00	2.380923e-01
9.901353688603723e-01	3.117018e+00	1.558508e-06	3.082824e+00	2.381037e-01
9.901455729217050e-01	3.117201e+00	1.558600e-06	3.083004e+00	2.381246e-01
9.901657372768984e-01	3.117563e+00	1.558781e-06	3.083361e+00	2.381660e-01
9.902000000000000e-01	3.118179e+00	1.559089e-06	3.083966e+00	2.382364e-01
9.902001448454152e-01	3.118181e+00	1.559090e-06	3.083969e+00	2.382367e-01
9.902004345362455e-01	3.118187e+00	1.559093e-06	3.083974e+00	2.382373e-01
9.902005355614985e-01	3.118188e+00	1.559093e-06	3.083976e+00	2.382375e-01
9.902006480938252e-01	3.118191e+00	1.559094e-06	3.083977e+00	2.382377e-01
9.902007353319653e-01	3.118192e+00	1.559095e-06	3.083979e+00	2.382379e-01
9.902008262225742e-01	3.118194e+00	1.559096e-06	3.083981e+00	2.382381e-01
9.902009197938825e-01	3.118195e+00	1.559097e-06	3.083982e+00	2.382383e-01
9.902010208780107e-01	3.118197e+00	1.559098e-06	3.083984e+00	2.382385e-01
9.902011437470524e-01	3.118199e+00	1.559099e-06	3.083986e+00	2.382388e-01
9.902012954255059e-01	3.118202e+00	1.559100e-06	3.083989e+00	2.382391e-01
9.902014940373094e-01	3.118206e+00	1.559102e-06	3.083992e+00	2.382395e-01
9.902017749196155e-01	3.118211e+00	1.559105e-06	3.083997e+00	2.382400e-01
9.902021484178387e-01	3.118217e+00	1.559108e-06	3.084004e+00	2.382408e-01
9.902027513076226e-01	3.118228e+00	1.559113e-06	3.084015e+00	2.382421e-01
9.902034983003037e-01	3.118242e+00	1.559120e-06	3.084028e+00	2.382436e-01
9.913290837492976e-01	3.138634e+00	1.569316e-06	3.104087e+00	2.406669e-01
9.924546691982915e-01	3.159165e+00	1.579582e-06	3.124257e+00	2.432505e-01
9.935802546472854e-01	3.179832e+00	1.589916e-06	3.144538e+00	2.459945e-01
9.947058400962793e-01	3.200638e+00	1.600318e-06	3.164930e+00	2.488987e-01
9.958314255452732e-01	3.221581e+00	1.610790e-06	3.185432e+00	2.519632e-01
9.969570109942670e-01	3.242661e+00	1.621330e-06	3.206046e+00	2.551881e-01
9.980825964432609e-01	3.263880e+00	1.631939e-06	3.226770e+00	2.585733e-01
9.990591589432609e-01	3.282268e+00	1.641133e-06	3.244718e+00	2.616256e-01
1.000000000000000e+00	3.300000e+00	1.649999e-06	3.262015e+00	2.646447e-01
